nimi_suomi,laji,laji_selite
Huvilavahdinkuja,"1",Katu
Aamitie,"1",Katu
Agroksenkuja,"1",Katu
Ala-Tikkurilantie,"1",Katu
Annalantie,"1",Katu
Argelanderintie,"1",Katu
Betlehemintie,"1",Katu
Hanasaarenkatu,"1",Katu
Disankatu,"1",Katu
Fahlanderin puistokuja,"1",Katu
Fallintie,"1",Katu
Furuborginkatu,"1",Katu
Haakoninlahdenkatu,"1",Katu
Isonnevanpolku,"1",Katu
Itätuulenpolku,"1",Katu
Itälinnakkeentie,"1",Katu
Junatie,"1",Katu
Kaartinkuja,"1",Katu
Kaivohuoneenrinne,"1",Katu
Kivihiilenkatu,"1",Katu
Kapteenintie,"1",Katu
Ilmalanreuna,"1",Katu
Ilmalanrinne,"3",Katu
Lähetinkatu,"1",Katu
Melkinlaituri,"1",Katu
Kämnerinpolku,"1",Katu
Laamannintie,"1",Katu
Lapinlahdenpolku,"1",Katu
Lemissaarentie,"1",Katu
Lokikirja,"1",Katu
Linnanpajankuja,"1",Katu
Oopperankuja,"1",Katu
Paasirinne,"1",Katu
Pahkatie,"1",Katu
Pellervonkuja,"1",Katu
Raidekuja,"1",Katu
Rajaveräjänkuja,"1",Katu
Pikkuniementie,"1",Katu
Pojamankatu,"1",Katu
Pohjoisreimarintie,"1",Katu
Postisoudunkatu,"1",Katu
Miilumäenpolku,"3",Katu
Munkkirinne,"1",Katu
Munkkisaarenlaituri,"1",Katu
Muurimestarintie,"1",Katu
Myllymestarintie,"1",Katu
Myrskylänkuja,"1",Katu
Nokiankuja,"1",Katu
Takomokuja,"1",Katu
Tankomäenkatu,"1",Katu
Tankomäenkuja,"1",Katu
Tankomäenrinne,"1",Katu
Tammikuja,"1",Katu
Tapaninkyläntie,"1",Katu
Tikkuritie,"1",Katu
Topeliuksentie,"1",Katu
Torpankuja,"1",Katu
Ropokuja,"1",Katu
Ruosilanmutka,"1",Katu
Ruutanatie,"1",Katu
Saaristolaivastonkatu,"1",Katu
Sakarinkuja,"1",Katu
Sakarintie,"1",Katu
Saukonkatu,"1",Katu
Siltalanpolku,"1",Katu
Sipoonkuja,"1",Katu
Stadionpolku,"1",Katu
Stansvikintie,"1",Katu
Strandmaninlenkki,"1",Katu
Susikuja,"1",Katu
Sysmänkuja,"1",Katu
Särkkäniemi,"1",Katu
Säterinmutka,"1",Katu
Varhelansilta,"1",Katu
Vaskisalmentie,"1",Katu
Verkkosaarenranta,"1",Katu
Venekuja,"1",Katu
Venemestarinkuja,"1",Katu
Traverssikuja,"1",Katu
Puutarhurinkuja,"1",Katu
Kotinummenkuja,"1",Katu
Porthaninrinne,"1",Katu
Sinikaislankuja,"1",Katu
Hinnerjoentie,"1",Katu
Sampo Lappalaisen katu,"1",Katu
Ruusuhelmenkatu,"1",Katu
Iiluodonpiha,"1",Katu
Hangonkatu,"1",Katu
Matalasalmenkuja,"1",Katu
Bergbominkuja,"1",Katu
Kehruukuja,"1",Katu
Käräjätuvankuja,"1",Katu
Pitäjänkuja,"1",Katu
Mustarastaankuja,"1",Katu
Inarinkuja,"1",Katu
Tammisaarenkatu,"1",Katu
Rusokkikuja,"1",Katu
Pikku-Pässin kuja,"1",Katu
Pohjoinen Stadiontie,"1",Katu
Villiruusunkuja,"1",Katu
Neitojenranta,"1",Katu
Iso Puistotie,"1",Katu
Hannanportti,"1",Katu
Ulvilankuja,"1",Katu
Ilmatorjuntakuja,"1",Katu
Latokartanonsilmukka,"1",Katu
Väylänsuu,"1",Katu
Köyliöntie,"1",Katu
Erik Tulindbergin kuja,"1",Katu
Niinisaarentie,"1",Katu
Rekipellonkuja,"1",Katu
Mäkikallionpiha,"1",Katu
Gunillanpolku,"1",Katu
Punkaharjuntie,"1",Katu
Eteläloisto,"1",Katu
Naantalintie,"1",Katu
Krematoriontie,"1",Katu
Höyrymyllynkuja,"1",Katu
Isonnevankuja,"1",Katu
Takkakuja,"1",Katu
Oksakoskenpolku,"1",Katu
Hietakannaksentie,"1",Katu
Laukkasaarenkatu,"1",Katu
Koetilankuja,"1",Katu
Humalistonkuja,"1",Katu
Vaarnatie,"1",Katu
Suonotkonkuja,"1",Katu
Postikuja,"1",Katu
Taisteluradantie,"1",Katu
Hirsipadonkuja,"1",Katu
Lentokonetehtaankaari,"1",Katu
Polkkakuja,"1",Katu
Ratsastie,"1",Katu
Pyhätunturintie,"1",Katu
Puutarhakatu,"1",Katu
Kalle Weisteen katu,"1",Katu
Luotikuja,"1",Katu
Postikatu,"1",Katu
Yllästunturinkuja,"1",Katu
Kavaleffintie,"1",Katu
Vähänkyröntie,"1",Katu
Saharantie,"1",Katu
Takomopolku,"1",Katu
Tynnyrintekijänkatu,"1",Katu
Läntinen Teatterikuja,"1",Katu
Papinkuja,"1",Katu
Telekatu,"1",Katu
Oikotie,"1",Katu
Siltapellonkuja,"1",Katu
Ristipellonkuja,"1",Katu
Karl Collanin kuja,"1",Katu
Värttinäkuja,"1",Katu
Osmonpolku,"1",Katu
Benktankuja,"1",Katu
Turumankatu,"1",Katu
Tuurholmantie,"1",Katu
Vanha Tuusulantie,"1",Katu
Capellan puistotie,"1",Katu
Lorentzinkuja,"1",Katu
Leonkatu,"1",Katu
Vienankatu,"1",Katu
Valssimyllynkatu,"1",Katu
Kipparlahdenkuja,"1",Katu
Alakivenkuja,"1",Katu
Kallvikinniementie,"1",Katu
Rionkatu,"1",Katu
Kyytimiehenkuja,"1",Katu
Pirttilahdenkuja,"1",Katu
Antareksenkatu,"1",Katu
Junonkatu,"1",Katu
Pikitehtaankatu,"1",Katu
Suezinkatu,"1",Katu
Livornonkatu,"1",Katu
Heposaarentie,"1",Katu
Saranakuja,"1",Katu
Hevosmiehenkatu,"1",Katu
Rukanlaki,"1",Katu
Virtarannankatu,"1",Katu
Pakkaajanaukio,"1",Katu
Eero Erkon katu,"1",Katu
Pilkekuja,"1",Katu
Hyväntoivonkatu,"1",Katu
Mellinintie,"1",Katu
Energiakuja,"1",Katu
Brysselinkuja,"1",Katu
Huopanaulankatu,"1",Katu
Palstakuja,"1",Katu
Arielinkatu,"1",Katu
Suopellonkaari,"1",Katu
Pitsinvirkkaajankatu,"1",Katu
Arcturuksenkatu,"1",Katu
Juutinraumankatu,"1",Katu
Skatanniementie,"1",Katu
Ilmalanportti,"1",Katu
Notaarintie,"1",Katu
Läntinen Alppirinne,"1",Katu
Lankanaulankatu,"1",Katu
Paunakuja,"1",Katu
Kaarelanvierto,"1",Katu
Sulhasenkatu,"1",Katu
Anjalantie,"1",Katu
Paavo Nurmen tie,"1",Katu
Agnes Sjöbergin katu,"1",Katu
Kissalammentie,"1",Katu
Kuusamonkatu,"1",Katu
Likolammentie,"1",Katu
Kurjenkellonkuja,"1",Katu
Pukinkuja,"1",Katu
Rahakamarinportti,"1",Katu
Valimokuja,"1",Katu
Ritokallionpolku,"1",Katu
Valakkapolku,"1",Katu
Hiihtäjänkuja,"1",Katu
Kipinä,"1",Katu
Seunalankuja,"1",Katu
Fokkakuja,"1",Katu
Nuotiokuja,"1",Katu
Karavaanikuja,"1",Katu
Asesepänkuja,"1",Katu
Franzéninkuja,"1",Katu
Zaidankatu,"1",Katu
Kestikuja,"1",Katu
Ruskontie,"1",Katu
Leanportti,"1",Katu
Olavinkatu,"1",Katu
Hornintie,"1",Katu
Itämerenkuja,"1",Katu
Purilaskuja,"1",Katu
Visbynkuja,"1",Katu
Sallatunturintie,"1",Katu
Urheilukalastajankuja,"1",Katu
Katontekijänkuja,"1",Katu
Tullikirjurintie,"1",Katu
Yläkivenpolku,"1",Katu
Vuoksentie,"1",Katu
Keinulaudankuja,"1",Katu
Pelimanninkuja,"1",Katu
Välikatu,"1",Katu
Ojatie,"1",Katu
Töysänkatu,"1",Katu
Runokylänkatu,"1",Katu
Meri-Rastilan kuja,"1",Katu
Vauhtitie,"1",Katu
Köökarinpolku,"1",Katu
Vanhanlinnankuja,"1",Katu
Palkkatilanportti,"1",Katu
Jarrumiehenkatu,"1",Katu
Verkkosaarenkuja,"1",Katu
Valurinkatu,"1",Katu
Renginkuja,"1",Katu
Kalasatamankatu,"1",Katu
Thomas Byströmin kuja,"1",Katu
Vanha Helsingintie,"1",Katu
Gustaf Hällströmin katu,"1",Katu
Pestikuja,"1",Katu
Tullirinne,"1",Katu
Rullalaakerinkuja,"1",Katu
Ampumaradantie,"1",Katu
Annikinkuja,"1",Katu
Silttikuja,"1",Katu
Nukkeruusunkuja,"1",Katu
Myllykallionrinne,"1",Katu
Kerkkäpolku,"1",Katu
Strandmaninkuja,"1",Katu
Humikkalanrinne,"1",Katu
Leposaarentie,"1",Katu
Areenankuja,"1",Katu
Hakamäentie,"1",Katu
Tivolikuja,"1",Katu
Kopernikuksentie,"1",Katu
Malmin kalmistotie,"1",Katu
Tutkamäentie,"1",Katu
Puntaritie,"1",Katu
Puusepänportti,"1",Katu
Kaasutehtaankatu,"1",Katu
Kappatie,"1",Katu
Mäntymäentie,"1",Katu
Hirviradantie,"1",Katu
Länsimäentie,"1",Katu
Kahvikatu,"1",Katu
Kärppäkuja,"1",Katu
Rapakivenkaari,"1",Katu
Laukkaniementie,"1",Katu
Sompionpolku,"1",Katu
Allastie,"1",Katu
Paavo Nurmen kuja,"1",Katu
Tallbonkuja,"1",Katu
Kesärannantie,"1",Katu
Lapinmäentie,"1",Katu
Tammiontie,"1",Katu
Kellomäenkaari,"1",Katu
Tulisuonkuja,"1",Katu
Otonkuja,"1",Katu
Gyldénintie,"1",Katu
Mäntykukantie,"1",Katu
Hierrinkuja,"1",Katu
Sahanmäenkuja,"1",Katu
Pallomäenrinne,"1",Katu
Rukankuja,"1",Katu
Kontokinkatu,"1",Katu
Ainonkatu,"1",Katu
Airoparinkuja,"1",Katu
Airoparintie,"1",Katu
Airoranta,"1",Katu
Airotie,"1",Katu
Airuentie,"1",Katu
Aisatie,"1",Katu
Aittatie,"1",Katu
Aivinakuja,"1",Katu
Ajomiehentie,"1",Katu
Ajopolku,"1",Katu
Akkutie,"1",Katu
Akseli,"1",Katu
Aku Korhosen tie,"1",Katu
Ala-Malmin raitti,"1",Katu
Alakiventie,"1",Katu
Alankotie,"1",Katu
Albertinkatu,"1",Katu
Aleksanteri Nevskin katu,"1",Katu
Aleksanterinkatu,"1",Katu
Aleksis Kiven katu,"1",Katu
Alempi Talonpojantie,"1",Katu
Alhokuja,"1",Katu
Alkukuja,"1",Katu
Alkutie,"1",Katu
Alppikatu,"1",Katu
Alppikylänkatu,"1",Katu
Alppikylänkuja,"1",Katu
Alvar Aallon katu,"1",Katu
Alvionkuja,"1",Katu
Alviontie,"1",Katu
Amiraalinkatu,"1",Katu
Ampiaiskuja,"1",Katu
Ampujantie,"1",Katu
Angervotie,"1",Katu
Anianpellontie,"1",Katu
Ankkapurhankuja,"1",Katu
Ankkurikatu,"1",Katu
Annalankuja,"1",Katu
Annankatu,"1",Katu
Ansaritie,"1",Katu
Antinkatu,"1",Katu
Antti Korpin tie,"1",Katu
Antti Mäen kuja,"1",Katu
Apollonkatu,"1",Katu
Apteekkarinkatu,"1",Katu
Arabiankatu,"1",Katu
Arentikuja,"1",Katu
Arentitie,"1",Katu
Arhipanpolku,"1",Katu
Arhotie,"1",Katu
Arinatie,"1",Katu
Armas Lindgrenin tie,"1",Katu
Armfeltintie,"1",Katu
Artjärventie,"1",Katu
Arttolankuja,"1",Katu
Arttolantie,"1",Katu
Artturi Kanniston tie,"1",Katu
Asemamiehenkatu,"1",Katu
Asemapäällikönkatu,"1",Katu
Asentajankatu,"1",Katu
Asesepäntie,"1",Katu
Asessorinkuja,"1",Katu
Asessorintie,"1",Katu
Asiakkaankatu,"1",Katu
Askarkuja,"1",Katu
Askartie,"1",Katu
Askolantie,"1",Katu
Asteritie,"1",Katu
Asteroidikuja,"1",Katu
Atlaksenkuja,"1",Katu
Atomitie,"1",Katu
Auertie,"1",Katu
Aukustinkuja,"1",Katu
Aulangontie,"1",Katu
Aurapolku,"1",Katu
Aurinkokuja,"1",Katu
Aurinkolahden puistotie,"1",Katu
Aurinkomäenkuja,"1",Katu
Aurinkomäentie,"1",Katu
Aurinkotuulenkatu,"1",Katu
Aurorankatu,"1",Katu
Auroranportti,"1",Katu
Autotallintie,"1",Katu
Beckerintie,"1",Katu
Bergantie,"1",Katu
Berliininkatu,"1",Katu
Bernhardinkatu,"1",Katu
Bertel Jungin tie,"1",Katu
Bertha Pauligin katu,"1",Katu
Betonitie,"1",Katu
Biologinkatu,"1",Katu
Birger Kaipiaisen katu,"1",Katu
Birger Kaipiaisen piha,"1",Katu
Bomansonintie,"1",Katu
Borgströminkuja,"1",Katu
Brahelinnantie,"1",Katu
Brysselinkatu,"1",Katu
Bulevardi,"1",Katu
Böstaksentie,"1",Katu
Caloniuksenkatu,"1",Katu
Castréninkatu,"1",Katu
Chydeniuksentie,"1",Katu
Cygnaeuksenkatu,"1",Katu
Dagmarinkatu,"1",Katu
Damaskuksentie,"1",Katu
Dosentintie,"1",Katu
Dunckerinkatu,"1",Katu
Döbelninkatu,"1",Katu
E.J. Nyströmin polku,"1",Katu
Edelfeltintie,"1",Katu
Eduskuntakatu,"1",Katu
Eerik Pyhän kuja,"1",Katu
Eerikinkatu,"1",Katu
Eeronpolku,"1",Katu
Ehrenströmintie,"1",Katu
Ehrensvärdintie,"1",Katu
Eino Leinon katu,"1",Katu
Eiranranta,"1",Katu
Eliel Saarisen tie,"1",Katu
Hiekkakiventie,"1",Katu
Hiekkalaiturintie,"1",Katu
Hiekkarannantie,"1",Katu
Hietakummuntie,"1",Katu
Hietalahdenkatu,"1",Katu
Hietalahdenranta,"1",Katu
Hietaniemenkatu,"1",Katu
Hietaniityntie,"1",Katu
Hietanummenkuja,"1",Katu
Hietapellontie,"1",Katu
Hiidenkiukaantie,"1",Katu
Hiidenkivenkuja,"1",Katu
Hiidenkiventie,"1",Katu
Hiidenmaankatu,"1",Katu
Hiidenportti,"1",Katu
Hiihtomäentie,"1",Katu
Hiihtäjäntie,"1",Katu
Hiilikatu,"1",Katu
Hiilloskuja,"1",Katu
Hiirakonkuja,"1",Katu
Hiisikuja,"1",Katu
Hiittistenkuja,"1",Katu
Hilapellontie,"1",Katu
Hilatie,"1",Katu
Hilda Flodinin aukio,"1",Katu
Hilda Flodinin kuja,"1",Katu
Hillerikuja,"1",Katu
Hilparipolku,"1",Katu
Himmelitie,"1",Katu
Hinnerjoenkuja,"1",Katu
Hiomokuja,"1",Katu
Hiomotie,"1",Katu
Hippiäistie,"1",Katu
Hirsipadontie,"1",Katu
Hirvilahdenkuja,"1",Katu
Hirvitie,"1",Katu
Hitsaajankatu,"1",Katu
Holkkitie,"1",Katu
Hollantilaisentie,"1",Katu
Hollolantie,"1",Katu
Honkaluodonrinne,"1",Katu
Honkatie,"1",Katu
Honkilahdentie,"1",Katu
Hopeakaivoksentie,"1",Katu
Hopeasalmenranta,"1",Katu
Hopeasalmentie,"1",Katu
Hopeatie,"1",Katu
Horsmakuja,"1",Katu
Huhmarekuja,"1",Katu
Huhtakivenkuja,"1",Katu
Huhtasuontie,"1",Katu
Huhtatie,"1",Katu
Huivipolku,"1",Katu
Humalistonkatu,"1",Katu
Humalniementie,"1",Katu
Humikkalankuja,"1",Katu
Humikkalantie,"1",Katu
Huntukuja,"1",Katu
Huntutie,"1",Katu
Elimäenkatu,"1",Katu
Eljaksentie,"1",Katu
Elonkuja,"1",Katu
Elonpolku,"1",Katu
Elontie,"1",Katu
Elovalkeantie,"1",Katu
Eläinlääkärinkatu,"1",Katu
Eläintarhantie,"1",Katu
Energiakatu,"1",Katu
Ensi linja,"1",Katu
Ensi parvi,"1",Katu
Ensi-Kodin tie,"1",Katu
Erkki Kivisen kuja,"1",Katu
Erkki Melartinin tie,"1",Katu
Ernst Lindelöfin katu,"1",Katu
Erottajankatu,"1",Katu
Ervastinkuja,"1",Katu
Erätie,"1",Katu
Esikkopolku,"1",Katu
Esikoisentie,"1",Katu
Eskelinsuo,"1",Katu
Eskolankuja,"1",Katu
Eskolantie,"1",Katu
Esterinportti,"1",Katu
Estetie,"1",Katu
Eteläesplanadi,"1",Katu
Etelähuhdankuja,"1",Katu
Eteläinen Hesperiankatu,"1",Katu
Eteläinen Makasiinikatu,"1",Katu
Eteläinen Rautatiekatu,"1",Katu
Eteläkärjentie,"1",Katu
Eteläranta,"1",Katu
Eteläreimarintie,"1",Katu
Etumetsänpolku,"1",Katu
Etumetsäntie,"1",Katu
Etupellontie,"1",Katu
Eurantie,"1",Katu
Fabianinkatu,"1",Katu
Fallinkuja,"1",Katu
Fallkullantie,"1",Katu
Fallpakankuja,"1",Katu
Fallpakantie,"1",Katu
Fantsintie,"1",Katu
Fastbölentie,"1",Katu
Fiikustie,"1",Katu
Fleminginkatu,"1",Katu
Floorantie,"1",Katu
Fokka,"1",Katu
Fredrikinkatu,"1",Katu
Freesenkatu,"1",Katu
Fregattikuja,"1",Katu
Fregattitie,"1",Katu
Furumonkuja,"1",Katu
Furuvikintie,"1",Katu
Gadolininkatu,"1",Katu
Granfeltintie,"1",Katu
Graniittitie,"1",Katu
Gunillankuja,"1",Katu
Gunillantie,"1",Katu
Gunnel Nymanin katu,"1",Katu
Gustav Pauligin katu,"1",Katu
Haagan pappilantie,"1",Katu
Haagan urheilutie,"1",Katu
Haahkakuja,"1",Katu
Haahkatie,"1",Katu
Haaksikuja,"1",Katu
Haapalahdenkatu,"1",Katu
Haapaniemenkatu,"1",Katu
Haapapolku,"1",Katu
Haapasaarentie,"1",Katu
Haapatie,"1",Katu
Haapsalunkuja,"1",Katu
Haarapääskynkuja,"1",Katu
Haarniskatie,"1",Katu
Haartmaninkatu,"1",Katu
Haastemiehentie,"1",Katu
Haavikkopolku,"1",Katu
Haavikkotie,"1",Katu
Hakalantie,"1",Katu
Hakamäenkuja,"1",Katu
Hakaniemen torikatu,"1",Katu
Hakaniemenranta,"1",Katu
Hakkukuja,"1",Katu
Hakolahdenkuja,"1",Katu
Hakolahdentie,"1",Katu
Hakostarontie,"1",Katu
Hakunintie,"1",Katu
Halistentie,"1",Katu
Halkosuonkuja,"1",Katu
Halkosuonpolku,"1",Katu
Halkosuontie,"1",Katu
Hallainvuorentie,"1",Katu
Hallatie,"1",Katu
Hallituskatu,"1",Katu
Halmetie,"1",Katu
Halsuantie,"1",Katu
Hammarskjöldintie,"1",Katu
Hankainpolku,"1",Katu
Hankaintie,"1",Katu
Hankasuontie,"1",Katu
Hannukselantie,"1",Katu
Hannunkuja,"1",Katu
Hannuntie,"1",Katu
Hanslankarinkuja,"1",Katu
Hapero,"1",Katu
Harakkamyllyntie,"1",Katu
Haravakuja,"1",Katu
Harbonkatu,"1",Katu
Harjannetie,"1",Katu
Harjantekijäntie,"1",Katu
Harjukatu,"1",Katu
Harjutorinkatu,"1",Katu
Harkkoraudantie,"1",Katu
Harmaahaikarankuja,"1",Katu
Harmaapaadentie,"1",Katu
Harmajankatu,"1",Katu
Hattelmalantie,"1",Katu
Hattulantie,"1",Katu
Hatuntekijänkuja,"1",Katu
Hauhontie,"1",Katu
Haukilahdenkatu,"1",Katu
Haukkakatu,"1",Katu
Haukkakuja,"1",Katu
Havukuja,"1",Katu
Heikinlaaksontie,"1",Katu
Heikkiläntie,"1",Katu
Heimokuja,"1",Katu
Heino Kasken katu,"1",Katu
Heinolankatu,"1",Katu
Heinämiehentie,"1",Katu
Heinäpellonkuja,"1",Katu
Heinäpellontie,"1",Katu
Heinäsarankaari,"1",Katu
Heinäsarantie,"1",Katu
Heinäsuontie,"1",Katu
Heinätie,"1",Katu
Helatehtaankatu,"1",Katu
Helenankatu,"1",Katu
Hellekuja,"1",Katu
Hellemäenpolku,"1",Katu
Helluntaipolku,"1",Katu
Helminkatu,"1",Katu
Helsinginkatu,"1",Katu
Helsinginkuja,"1",Katu
Helytie,"1",Katu
Henkivartijantie,"1",Katu
Henrik Borgströmin tie,"1",Katu
Henrik Forsiuksen tie,"1",Katu
Henrik Lättiläisen katu,"1",Katu
Henrik Sohlbergin tie,"1",Katu
Henrikinkuja,"1",Katu
Henrikintie,"1",Katu
Henry Fordin katu,"1",Katu
Hepokalliontie,"1",Katu
Herastuomarintie,"1",Katu
Hermannin rantatie,"1",Katu
Hernekuja,"1",Katu
Hernepellonkuja,"1",Katu
Hernepellontie,"1",Katu
Hernesaarenkatu,"1",Katu
Hernesaarenranta,"1",Katu
Heteniityntie,"1",Katu
Hevossalmentie,"1",Katu
Hevostallintie,"1",Katu
Hiekkajaalanranta,"1",Katu
Sivakkapolku,"1",Katu
Myllyväenkatu,"1",Katu
Suopellonrinne,"1",Katu
Välimerenkatu,"1",Katu
Valssiparinkuja,"1",Katu
Franzéninkatu,"1",Katu
Poseidoninkuja,"1",Katu
Malagankatu,"1",Katu
Harjulankatu,"1",Katu
Rukatunturinrinne,"1",Katu
Pakkaajankatu,"1",Katu
Muinaisrannantie,"1",Katu
Taubenkuja,"1",Katu
Bysantinkuja,"1",Katu
Polariksenkatu,"1",Katu
Mamsellimyllynkatu,"1",Katu
Haavikuja,"1",Katu
Kap Hornin katu,"1",Katu
Viitankruununtie,"1",Katu
Haikolankatu,"1",Katu
Jätkäsaarenkuja,"1",Katu
Ryynimyllynkatu,"1",Katu
Aurinkotie,"1",Katu
Vuokkiniemenkatu,"1",Katu
Kolvikuja,"1",Katu
Lallukankuja,"1",Katu
Pipettikuja,"1",Katu
Akonlahdenkuja,"1",Katu
Raappavuorentie,"1",Katu
Tattarikatu,"1",Katu
Hevonojantie,"1",Katu
Ratasmyllynraitti,"1",Katu
Elisabeth Kochin tie,"1",Katu
Katarina Stenbockin katu,"1",Katu
Aadolfinkatu,"1",Katu
Aamukasteenkuja,"1",Katu
Aamuruskontie,"1",Katu
Aapontie,"1",Katu
Aarholmankuja,"1",Katu
Aarrekuja,"1",Katu
Aarteenetsijänkuja,"1",Katu
Aarteenetsijäntie,"1",Katu
Aavasaksantie,"1",Katu
Abraham Wetterin tie,"1",Katu
Abrahaminkatu,"1",Katu
Adalmiinankatu,"1",Katu
Adolf Lindforsin tie,"1",Katu
Agnetankuja,"1",Katu
Agricolankatu,"1",Katu
Agricolankuja,"1",Katu
Agronominkatu,"1",Katu
Ahdekaunokintie,"1",Katu
Ahjokuja,"1",Katu
Ahmatie,"1",Katu
Ahomäenkuja,"1",Katu
Ahomäentie,"1",Katu
Ahvenkoskenkuja,"1",Katu
Ahvenkoskenpolku,"1",Katu
Aidasmäentie,"1",Katu
Aino Acktén tie,"1",Katu
Karviaistie,"1",Katu
Kasarmikatu,"1",Katu
Kasemattikuja,"1",Katu
Kaskenpolttajantie,"1",Katu
Kaskiauranpolku,"1",Katu
Kaskisaarentie,"1",Katu
Kaskitie,"1",Katu
Kasperinkuja,"1",Katu
Kassaratie,"1",Katu
Kastanjatie,"1",Katu
Kastelholmantie,"1",Katu
Kasuunikuja,"1",Katu
Kasöörinkatu,"1",Katu
Katajaharjuntie,"1",Katu
Katajamäentie,"1",Katu
Katajanokankatu,"1",Katu
Katajanokanranta,"1",Katu
Katajapolku,"1",Katu
Katariina Saksilaisen katu,"1",Katu
Katariinankatu,"1",Katu
Katiskatie,"1",Katu
Kauhavankuja,"1",Katu
Kaukopääntie,"1",Katu
Kaunismäenkuja,"1",Katu
Kaunispääntie,"1",Katu
Kaupintie,"1",Katu
Kauppakaarre,"1",Katu
Kauppakartanonkatu,"1",Katu
Kauppakartanonkuja,"1",Katu
Kauppalankuja,"1",Katu
Kauppalantie,"1",Katu
Kauppamyllyntie,"1",Katu
Kauppaneuvoksentie,"1",Katu
Kauppiaankatu,"1",Katu
Kauriintie,"1",Katu
Kaustakuja,"1",Katu
Kaustisentie,"1",Katu
Kehruutie,"1",Katu
Kehräkuja,"1",Katu
Kehtotie,"1",Katu
Kehäkukanpolku,"1",Katu
Kehäkukantie,"1",Katu
Keijontie,"1",Katu
Keijukaistenpolku,"1",Katu
Keinulaudantie,"1",Katu
Keinutie,"1",Katu
Keiteleentie,"1",Katu
Kekomäentie,"1",Katu
Kellaripellonkuja,"1",Katu
Kellaritie,"1",Katu
Kellosaarenkatu,"1",Katu
Kellosaarenranta,"1",Katu
Keltanotie,"1",Katu
Kemiönkuja,"1",Katu
Kengittäjäntie,"1",Katu
Kennotie,"1",Katu
Kenttäkuja,"1",Katu
Kenttätie,"1",Katu
Keriharju,"1",Katu
Kertojantie,"1",Katu
Kerttulinkuja,"1",Katu
Kerttusentie,"1",Katu
Kesantokuja,"1",Katu
Kesantotie,"1",Katu
Keskiyöntie,"1",Katu
Keskuskatu,"1",Katu
Kesäkatu,"1",Katu
Ketjukuja,"1",Katu
Ketokivenkaari,"1",Katu
Ketokiventie,"1",Katu
Kettutie,"1",Katu
Keulakuvantie,"1",Katu
Keulatie,"1",Katu
Keuruuntie,"1",Katu
Kevätkatu,"1",Katu
Kielopolku,"1",Katu
Kiertotähdenkuja,"1",Katu
Kiertotähdenpolku,"1",Katu
Kiertotähdentie,"1",Katu
Kiesitie,"1",Katu
Kiiliänkuja,"1",Katu
Kiillekuja,"1",Katu
Kiilletie,"1",Katu
Kiitäjänkuja,"1",Katu
Kiitäjäntie,"1",Katu
Killingholmankuja,"1",Katu
Killinkuja,"1",Katu
Kilpolantie,"1",Katu
Kimalaiskuja,"1",Katu
Kimmontie,"1",Katu
Kimpitie,"1",Katu
Kinaporinkatu,"1",Katu
Kinkeripolku,"1",Katu
Kinnarinkuja,"1",Katu
Kipparlahdensilmukka,"1",Katu
Kirjatyöntekijänkatu,"1",Katu
Kirjokallionkuja,"1",Katu
Kirjokalliontie,"1",Katu
Kirjokiventie,"1",Katu
Kirjurinkatu,"1",Katu
Kirjurintie,"1",Katu
Kirkkoherrantie,"1",Katu
Kirkkokatu,"1",Katu
Kirkkosalmentie,"1",Katu
Kirkonkyläntie,"1",Katu
Kirsitie,"1",Katu
Kirvelikuja,"1",Katu
Kirveskuja,"1",Katu
Kirvesmiehenkatu,"1",Katu
Kirvespolku,"1",Katu
Kirvestie,"1",Katu
Kisatie,"1",Katu
Kiskontie,"1",Katu
Huokotie,"1",Katu
Huopalahdentie,"1",Katu
Huovitie,"1",Katu
Huttumyllyntie,"1",Katu
Huvilakatu,"1",Katu
Hylkeenpyytäjänkatu,"1",Katu
Hyttitie,"1",Katu
Hyttyspolku,"1",Katu
Häklinkuja,"1",Katu
Hällinkuja,"1",Katu
Hämeenapajantie,"1",Katu
Hämeentie,"1",Katu
Hämyläntie,"1",Katu
Härkälahdenkuja,"1",Katu
Härkätie,"1",Katu
Härkävaljakonkuja,"1",Katu
Härkävaljakontie,"1",Katu
Häräntie,"1",Katu
Häyhäntie,"1",Katu
Höyläämötie,"1",Katu
Höökintie,"1",Katu
Ida Aalbergin tie,"1",Katu
Ida Ekmanin tie,"1",Katu
Iestie,"1",Katu
Iiluodontie,"1",Katu
Iiriskuja,"1",Katu
Iitintie,"1",Katu
Iivarintie,"1",Katu
Ilkantie,"1",Katu
Ilmalankatu,"1",Katu
Ilmalankuja,"1",Katu
Ilmarinkatu,"1",Katu
Ilmattarenkuja,"1",Katu
Ilmattarentie,"1",Katu
Ilomäenpolku,"1",Katu
Ilomäentie,"1",Katu
Ilotulitustie,"1",Katu
Iltaruskontie,"1",Katu
Iltatähdenkuja,"1",Katu
Iltatähdentie,"1",Katu
Ilvestie,"1",Katu
Imarretie,"1",Katu
Immolanhaara,"1",Katu
Immolankuja,"1",Katu
Immolantie,"1",Katu
Impivaarantie,"1",Katu
Inarintie,"1",Katu
Ingeborginkuja,"1",Katu
Ingeborgintie,"1",Katu
Inkeroistentie,"1",Katu
Inkoonkatu,"1",Katu
Insinöörinkatu,"1",Katu
Intendentinkuja,"1",Katu
Intiankatu,"1",Katu
Iso Roobertinkatu,"1",Katu
Isokaari,"1",Katu
Ison-Antintie,"1",Katu
Isonkaivontie,"1",Katu
Isonkarhunkuja,"1",Katu
Isonmastonkuja,"1",Katu
Isonmastontie,"1",Katu
Isonnevantie,"1",Katu
Isonniitynkatu,"1",Katu
Isonniitynkuja,"1",Katu
Isonniitynpolku,"1",Katu
Isonniityntie,"1",Katu
Isonpellontie,"1",Katu
Isonpurjeentie,"1",Katu
Isonsarvastontie,"1",Katu
Isonvillasaarentie,"1",Katu
Isosaarenkuja,"1",Katu
Isosaarentie,"1",Katu
Itäinen Alppirinne,"1",Katu
Itäinen Brahenkatu,"1",Katu
Itäinen Papinkatu,"1",Katu
Itäinen Puistotie,"1",Katu
Itäinen Teatterikuja,"1",Katu
Itäkatu,"1",Katu
Itälahdenkatu,"1",Katu
Itämerenkatu,"1",Katu
Itäniitynpolku,"1",Katu
Itäniityntie,"1",Katu
Itäreimarinkuja,"1",Katu
Itäreimarintie,"1",Katu
Itätuulentie,"1",Katu
Ivan Falinin kuja,"1",Katu
Jaakonkatu,"1",Katu
Jaalantie,"1",Katu
Jaalaranta,"1",Katu
Jaanankuja,"1",Katu
Jaanantie,"1",Katu
Jaavankuja,"1",Katu
Jaavantie,"1",Katu
Jahtivoudintie,"1",Katu
Jakokunnantie,"1",Katu
Jakomäenkuja,"1",Katu
Jakomäentie,"1",Katu
Jakotie,"1",Katu
Jalaskuja,"1",Katu
Jalavatie,"1",Katu
Jalkamyllyntie,"1",Katu
Jalkaväenkuja,"1",Katu
Jallintie,"1",Katu
Jalopeurantie,"1",Katu
Japaninkatu,"1",Katu
Jarrutie,"1",Katu
Jatasalmentie,"1",Katu
Jauhokuja,"1",Katu
Johan Bockin kuja,"1",Katu
Johan Sederholmin tie,"1",Katu
Johanneksenkuja,"1",Katu
Johanneksenrinne,"1",Katu
Johanneksentie,"1",Katu
John Stenbergin ranta,"1",Katu
Johtokivenkuja,"1",Katu
Johtokiventie,"1",Katu
Jokikuja,"1",Katu
Jokiniementie,"1",Katu
Jokipellontie,"1",Katu
Jokipolku,"1",Katu
Jokisuunkuja,"1",Katu
Jokisuuntie,"1",Katu
Jokitie,"1",Katu
Jollaksentie,"1",Katu
Joonaksenkuja,"1",Katu
Joronpolku,"1",Katu
Josafatinkatu,"1",Katu
Joukolantie,"1",Katu
Joulutähdentie,"1",Katu
Jousimiehentie,"1",Katu
Joutsentie,"1",Katu
Juhana-herttuan tie,"1",Katu
Juhanhaka,"1",Katu
Juhani Ahon tie,"1",Katu
Juhannusruusunkuja,"1",Katu
Juhannustie,"1",Katu
Juhtakuja,"1",Katu
Juhtatie,"1",Katu
Jukolankuja,"1",Katu
Jukolantie,"1",Katu
Juoksuhaudantie,"1",Katu
Juorumäenkuja,"1",Katu
Jupiterintie,"1",Katu
Jussaarenkuja,"1",Katu
Juustenintie,"1",Katu
Juustilanpolku,"1",Katu
Jyrinäkuja,"1",Katu
Jyrkinkuja,"1",Katu
Jyrkännekuja,"1",Katu
Jyrängöntie,"1",Katu
Jyvätie,"1",Katu
Jägerhornintie,"1",Katu
Jäkäläpolku,"1",Katu
Jäkälätie,"1",Katu
Jäkärlänkuja,"1",Katu
Jäkärläntie,"1",Katu
Jälsitie,"1",Katu
Jämsänkatu,"1",Katu
Jännetie,"1",Katu
Järkälekuja,"1",Katu
Jäähdytintie,"1",Katu
Jääkärinkatu,"1",Katu
Jäämäentie,"1",Katu
K.H. Wiikin katu,"1",Katu
Kaadekuja,"1",Katu
Kaakkurikuja,"1",Katu
Kaanaankatu,"1",Katu
Kaarelan raitti,"1",Katu
Kaarelankuja,"1",Katu
Kaarelantie,"1",Katu
Kaarenjalka,"1",Katu
Kaarikuja,"1",Katu
Kaarlenkatu,"1",Katu
Kaarlenkuja,"1",Katu
Kaarnatie,"1",Katu
Kaartintorpantie,"1",Katu
Kaasutintie,"1",Katu
Kadetintie,"1",Katu
Kadettikouluntie,"1",Katu
Kahvikuja,"1",Katu
Kaikukatu,"1",Katu
Kaikukuja,"1",Katu
Kaironkatu,"1",Katu
Kaisaniemenkatu,"1",Katu
Kaisaniemenranta,"1",Katu
Kaitalahdenkuja,"1",Katu
Kaitalahdentie,"1",Katu
Kaivantokuja,"1",Katu
Kaivohaankuja,"1",Katu
Kaivokatu,"1",Katu
Kaivolahdenkatu,"1",Katu
Kaivolahdenkuja,"1",Katu
Kaivonkatsojantie,"1",Katu
Kaj Franckin katu,"1",Katu
Kajaaninkatu,"1",Katu
Kajaaninlinnantie,"1",Katu
Kajanuksenkatu,"1",Katu
Kajavarannantie,"1",Katu
Kajavatie,"1",Katu
Kakshuhdantie,"1",Katu
Kaksostentie,"1",Katu
Kalainkuja,"1",Katu
Kalaniemenkuja,"1",Katu
Kalannintie,"1",Katu
Kalastajatorpantie,"1",Katu
Kalervonkatu,"1",Katu
Kalevankatu,"1",Katu
Kaljaasitie,"1",Katu
Kalkkihiekankuja,"1",Katu
Kalkkihiekantie,"1",Katu
Kalkkipaadentie,"1",Katu
Kalkkivuorenkuja,"1",Katu
Kalkkivuorentie,"1",Katu
Kallenrinne,"1",Katu
Kallioharjuntie,"1",Katu
Kalliokaivonmäki,"1",Katu
Kalliokuja,"1",Katu
Kalliolanrinne,"1",Katu
Kalliolinnantie,"1",Katu
Kallioniementie,"1",Katu
Kallioportaankatu,"1",Katu
Kalliotie,"1",Katu
Kallvikintie,"1",Katu
Kalpakuja,"1",Katu
Kalteentie,"1",Katu
Kammantekijäntie,"1",Katu
Kamppiaistie,"1",Katu
Kanavakatu,"1",Katu
Kanavamäki,"1",Katu
Kanavaranta,"1",Katu
Kanavasillantie,"1",Katu
Kanervakuja,"1",Katu
Kanervarinne,"1",Katu
Kanervatie,"1",Katu
Kanervavinkkeli,"1",Katu
Kangasalantie,"1",Katu
Kangaspellontie,"1",Katu
Kangastie,"1",Katu
Kangasvuokontie,"1",Katu
Kankaretie,"1",Katu
Kankiraudantie,"1",Katu
Kankurinkatu,"1",Katu
Kanneltie,"1",Katu
Kannunvalajantie,"1",Katu
Kannus,"1",Katu
Kansakoulukatu,"1",Katu
Kansakoulukuja,"1",Katu
Kansankuja,"1",Katu
Kansantie,"1",Katu
Kanslerinkaari,"1",Katu
Kantakyläntie,"1",Katu
Kantarnäsintie,"1",Katu
Kantelettarenkuja,"1",Katu
Kantelettarentie,"1",Katu
Kanttorintie,"1",Katu
Kanuunatie,"1",Katu
Kaplaskuja,"1",Katu
Kappelintie,"1",Katu
Kapteeninkatu,"1",Katu
Karavaanikatu,"1",Katu
Karhukorvenkuja,"1",Katu
Karhulantie,"1",Katu
Karhunevanpolku,"1",Katu
Karhunevantie,"1",Katu
Karhunkaatajantie,"1",Katu
Karhunkämmen,"1",Katu
Karhurannankuja,"1",Katu
Karhurannantie,"1",Katu
Karhusaarentie,"1",Katu
Karhusuonkuja,"1",Katu
Karhusuontie,"1",Katu
Karhutie,"1",Katu
Karhutorpankuja,"1",Katu
Karhutorpanpolku,"1",Katu
Karhutorpantie,"1",Katu
Karistimentie,"1",Katu
Karjalankatu,"1",Katu
Karjatanhuanpolku,"1",Katu
Karjuniitynkuja,"1",Katu
Karpalokuja,"1",Katu
Karpalotie,"1",Katu
Karppitie,"1",Katu
Karrinkuja,"1",Katu
Karrintie,"1",Katu
Karstulantie,"1",Katu
Kartanomuseontie,"1",Katu
Kartanon puistotie,"1",Katu
Kartanonkaari,"1",Katu
Kartanonmetsäntie,"1",Katu
Kartanontie,"1",Katu
Kartanonvoudintie,"1",Katu
Karunantie,"1",Katu
Karvaamokuja,"1",Katu
Karviaismäki,"1",Katu
Krapukuja,"1",Katu
Krapupolku,"1",Katu
Kraputie,"1",Katu
Kravuntie,"1",Katu
Kreetantie,"1",Katu
Kreijarinkuja,"1",Katu
Kristianinkatu,"1",Katu
Krogiuksentie,"1",Katu
Kronqvistinkuja,"1",Katu
Kruununhaankatu,"1",Katu
Kruunuvuorenkatu,"1",Katu
Krämertintie,"1",Katu
Kuhankeittäjäntie,"1",Katu
Kuikkarinne,"1",Katu
Kuismakuja,"1",Katu
Kuismatie,"1",Katu
Kujanen,"1",Katu
Kukkaniityntie,"1",Katu
Kukkulatie,"1",Katu
Kullervonkatu,"1",Katu
Kulmakatu,"1",Katu
Kulmavuorenkatu,"1",Katu
Kulopolku,"1",Katu
Kulosaaren puistotie,"1",Katu
Kulosaarentie,"1",Katu
Kultakummuntie,"1",Katu
Kultakutrinkuja,"1",Katu
Kumianpää,"1",Katu
Kuminakuja,"1",Katu
Kummeltie,"1",Katu
Kumpulantie,"1",Katu
Kuninkaantammenkuja,"1",Katu
Kuninkaantammentie,"1",Katu
Kunnalliskodintie,"1",Katu
Kunnallisneuvoksenkuja,"1",Katu
Kunnallisneuvoksentie,"1",Katu
Kunnantie,"1",Katu
Kuntokalliontie,"1",Katu
Kuoppakuja,"1",Katu
Kuoppatie,"1",Katu
Kuopuksentie,"1",Katu
Kuortaneenkatu,"1",Katu
Kuparitie,"1",Katu
Kurkiaiskuja,"1",Katu
Kurkimoisio,"1",Katu
Kurkimoisionkuja,"1",Katu
Kurkimäentie,"1",Katu
Kurkisuontie,"1",Katu
Kurrakuja,"1",Katu
Kustaa Vaasan tie,"1",Katu
Kustaankatu,"1",Katu
Kutomokuja,"1",Katu
Kutomotie,"1",Katu
Kutteritie,"1",Katu
Kuukiventie,"1",Katu
Kuulijankuja,"1",Katu
Kuulijantie,"1",Katu
Kuuluttajankatu,"1",Katu
Kuunarikuja,"1",Katu
Kuunaritie,"1",Katu
Kuusamakuja,"1",Katu
Kuusikkotie,"1",Katu
Kuusilahdenkuja,"1",Katu
Kuusiniementie,"1",Katu
Kuusisaarenkuja,"1",Katu
Kuusisaarenpolku,"1",Katu
Kuusisaarentie,"1",Katu
Kuusistonlinnantie,"1",Katu
Kuusitie,"1",Katu
Kuusitorpantie,"1",Katu
Kuusmiehenkaari,"1",Katu
Kuusmiehenpolku,"1",Katu
Kuusmiehentie,"1",Katu
Kuutamotie,"1",Katu
Kuutie,"1",Katu
Kuutsalontie,"1",Katu
Kuvernöörintie,"1",Katu
Kuvuntie,"1",Katu
Kyllikinportti,"1",Katu
Kylväjäntie,"1",Katu
Kylvöpolku,"1",Katu
Kyläkirkontie,"1",Katu
Kyläkunnantie,"1",Katu
Kylänevankuja,"1",Katu
Kylänevantie,"1",Katu
Kylänpää,"1",Katu
Kylänraitti,"1",Katu
Kylänvanhimmankuja,"1",Katu
Kylänvanhimmantie,"1",Katu
Kylärinne,"1",Katu
Kyläsaarenkatu,"1",Katu
Kyläsaarenkuja,"1",Katu
Kyläsepänkuja,"1",Katu
Kyläsuutarinkuja,"1",Katu
Kylätie,"1",Katu
Kylävoudinkuja,"1",Katu
Kylävoudintie,"1",Katu
Kymintie,"1",Katu
Kyntelikuja,"1",Katu
Kyntäjäntie,"1",Katu
Kypäräpolku,"1",Katu
Kytkintie,"1",Katu
Kyttäläntie,"1",Katu
Kytökuja,"1",Katu
Kytöniityntie,"1",Katu
Kytöpolku,"1",Katu
Kytösuontie,"1",Katu
Kyyhkyskuja,"1",Katu
Kyyhkyspolku,"1",Katu
Kyyluodontie,"1",Katu
Kyynäräkuja,"1",Katu
Kyytimiehenkatu,"1",Katu
Kyytönkuja,"1",Katu
Kyösti Kallion tie,"1",Katu
Kyöstinkuja,"1",Katu
Käenkuja,"1",Katu
Kämnerinkuja,"1",Katu
Kämnerintie,"1",Katu
Käpylinnunkuja,"1",Katu
Käpylinnuntie,"1",Katu
Käpylänkuja,"1",Katu
Käpyläntie,"1",Katu
Lokkalantie,"1",Katu
Lokkikuja,"1",Katu
Lokkisaarentie,"1",Katu
Lontoonkatu,"1",Katu
Loosarintie,"1",Katu
Louhenkuja,"1",Katu
Louhentie,"1",Katu
Louhikkokuja,"1",Katu
Louhikkotie,"1",Katu
Lounaisväylä,"1",Katu
Loviisankatu,"1",Katu
Lucina Hagmanin kuja,"1",Katu
Ludviginkatu,"1",Katu
Luiskatie,"1",Katu
Luistarinkuja,"1",Katu
Lukijankuja,"1",Katu
Lukkarimäenkuja,"1",Katu
Lukkarimäentie,"1",Katu
Lukkarintie,"1",Katu
Lukupolku,"1",Katu
Lumikintie,"1",Katu
Luokomiehentie,"1",Katu
Luostonkuja,"1",Katu
Luoteisväylä,"1",Katu
Luotsikatu,"1",Katu
Luotsinkuja,"1",Katu
Lupajantie,"1",Katu
Lustokuja,"1",Katu
Lutherinkatu,"1",Katu
Luumukuja,"1",Katu
Luutnantintie,"1",Katu
Luuvakuja,"1",Katu
Luuvaniementie,"1",Katu
Lyhtykuja,"1",Katu
Lyhtytie,"1",Katu
Lyylinkuja,"1",Katu
Lähdeniityntie,"1",Katu
Lähdepolku,"1",Katu
Läkkisepänkuja,"1",Katu
Läkkisepäntie,"1",Katu
Läksyrinne,"1",Katu
Lämmittäjänkatu,"1",Katu
Lämmittäjänkuja,"1",Katu
Lämpökuja,"1",Katu
Länsilahdenkuja,"1",Katu
Länsipellontie,"1",Katu
Länsirinnetie,"1",Katu
Länsisatamankatu,"1",Katu
Läntinen Brahenkatu,"1",Katu
Läntinen Papinkatu,"1",Katu
Lääkärinkatu,"1",Katu
Långörintie,"1",Katu
Lönnrotinkatu,"1",Katu
Maaherrantie,"1",Katu
Maakaarenkuja,"1",Katu
Maakaari,"1",Katu
Maakuja,"1",Katu
Maamiehenkuja,"1",Katu
Maamiehentie,"1",Katu
Maamonlahdentie,"1",Katu
Maanmittarintie,"1",Katu
Maapadontie,"1",Katu
Käpytie,"1",Katu
Kärkikallionkuja,"1",Katu
Kärkitie,"1",Katu
Käräjäkirjurintie,"1",Katu
Käräjätuvantie,"1",Katu
Käsikiventie,"1",Katu
Käsityöläisentie,"1",Katu
Käskynhaltijantie,"1",Katu
Kääpäkuja,"1",Katu
Kääpätie,"1",Katu
Käärmeniementie,"1",Katu
Käärtipolku,"1",Katu
Käätypolku,"1",Katu
Kölikuja,"1",Katu
Kölitie,"1",Katu
Köydenpunojankatu,"1",Katu
Köyliönkuja,"1",Katu
Köysikuja,"1",Katu
Köökarinkuja,"1",Katu
Laajalahdentie,"1",Katu
Laajasalonkaari,"1",Katu
Laajasalontie,"1",Katu
Laajasuontie,"1",Katu
Laakavuorenkuja,"1",Katu
Laakavuorentie,"1",Katu
Laaksokuja,"1",Katu
Laaksotie,"1",Katu
Ladonlukonpolku,"1",Katu
Lahnalahdentie,"1",Katu
Lahnaruohontie,"1",Katu
Laidunkuja,"1",Katu
Lainkaarentie,"1",Katu
Lainlukijantie,"1",Katu
Laippakuja,"1",Katu
Laippatie,"1",Katu
Laitakuja,"1",Katu
Laitamyötäisentie,"1",Katu
Laitatie,"1",Katu
Laitatuulenkaari,"1",Katu
Laitilantie,"1",Katu
Laivakatu,"1",Katu
Laivalahden puistotie,"1",Katu
Laivalahdenkaari,"1",Katu
Laivalahdenkatu,"1",Katu
Laivalahdenportti,"1",Katu
Laivanvarustajankatu,"1",Katu
Laivapojankatu,"1",Katu
Laivasillankatu,"1",Katu
Laivastokatu,"1",Katu
Laivastokuja,"1",Katu
Laivuri Petterin katu,"1",Katu
Laivurinkatu,"1",Katu
Laivurinrinne,"1",Katu
Lallinkuja,"1",Katu
Lallintie,"1",Katu
Lallukantie,"1",Katu
Lampettikuja,"1",Katu
Lampputie,"1",Katu
Lampuotilantie,"1",Katu
Lanakuja,"1",Katu
Landbonkuja,"1",Katu
Landbonpolku,"1",Katu
Landbontie,"1",Katu
Langinkoskenkuja,"1",Katu
Lapikastie,"1",Katu
Lapinlahdenkatu,"1",Katu
Lapinlahdentie,"1",Katu
Lapinrinne,"1",Katu
Lappeentie,"1",Katu
Lapuankatu,"1",Katu
Larin Kyöstin tie,"1",Katu
Larin Parasken polku,"1",Katu
Lars Sonckin tie,"1",Katu
Lasinpuhaltajantie,"1",Katu
Lastatie,"1",Katu
Lastenkodin kuja,"1",Katu
Lastenkodinkatu,"1",Katu
Lastenlinnantie,"1",Katu
Latokartanonkaari,"1",Katu
Laukkipääntie,"1",Katu
Laukkukuja,"1",Katu
Laulukuja,"1",Katu
Laululinnuntie,"1",Katu
Laulurastaankuja,"1",Katu
Laulurastaantie,"1",Katu
Lauri Mikonpojan tie,"1",Katu
Laurinmäenkuja,"1",Katu
Laurinmäenpolku,"1",Katu
Laurinniitynkuja,"1",Katu
Laurinniitynrinne,"1",Katu
Laurinniityntie,"1",Katu
Laurinpojankuja,"1",Katu
Lauritsantie,"1",Katu
Lautamiehenpolku,"1",Katu
Lautamies Jopin katu,"1",Katu
Lautatarhankatu,"1",Katu
Lauttasaarenmäki,"1",Katu
Lauttasaarentie,"1",Katu
Lautturinkuja,"1",Katu
Lavettikuja,"1",Katu
Lavettitie,"1",Katu
Lehdesniityntie,"1",Katu
Lehmustie,"1",Katu
Lehtikuusentie,"1",Katu
Lehtisaarentie,"1",Katu
Lehtotie,"1",Katu
Lehtovuorenkatu,"1",Katu
Leikkikuja,"1",Katu
Leikosaarenkuja,"1",Katu
Leikosaarentie,"1",Katu
Leilikuja,"1",Katu
Leipurinniementie,"1",Katu
Leipurintie,"1",Katu
Leiviskätie,"1",Katu
Leivosenkuja,"1",Katu
Leivosentie,"1",Katu
Lemmikinkuja,"1",Katu
Lemunkuja,"1",Katu
Lemuntie,"1",Katu
Lentokapteenin kuja,"1",Katu
Lentokuja,"1",Katu
Lepolantie,"1",Katu
Leppisaarenkuja,"1",Katu
Leppisaarentie,"1",Katu
Leppälinnuntie,"1",Katu
Leppäniementie,"1",Katu
Leppäsuonkatu,"1",Katu
Leppätie,"1",Katu
Lestikuja,"1",Katu
Leveyspiiri,"1",Katu
Levytie,"1",Katu
Leväluhdantie,"1",Katu
Lielahdentie,"1",Katu
Liesipolku,"1",Katu
Liiketie,"1",Katu
Liikkalankuja,"1",Katu
Liikkalantie,"1",Katu
Liisankatu,"1",Katu
Liitokuja,"1",Katu
Liljasaarentie,"1",Katu
Lillinkuja,"1",Katu
Limingantie,"1",Katu
Linjakeppi,"1",Katu
Linkokuja,"1",Katu
Linnalahdenkuja,"1",Katu
Linnalahdentie,"1",Katu
Linnanherrankuja,"1",Katu
Linnanherrantie,"1",Katu
Linnankatu,"1",Katu
Linnankoskenkatu,"1",Katu
Linnankuja,"1",Katu
Linnanneidonkuja,"1",Katu
Linnanpajantie,"1",Katu
Linnanpellonkuja,"1",Katu
Linnanrakentajantie,"1",Katu
Linnanrouvanpolku,"1",Katu
Linnanväenkuja,"1",Katu
Linnanväenpolku,"1",Katu
Linnavuorentie,"1",Katu
Linnoittajantie,"1",Katu
Linnoituksentie,"1",Katu
Linnunlauluntie,"1",Katu
Linnunradankuja,"1",Katu
Linnunradantie,"1",Katu
Lintulahdenkatu,"1",Katu
Lintulahdenkuja,"1",Katu
Lirokuja,"1",Katu
Liukulaakerinkuja,"1",Katu
Liukumäentie,"1",Katu
Liuskekuja,"1",Katu
Liuskepolku,"1",Katu
Liusketie,"1",Katu
Lohenpyrstö,"1",Katu
Lohimiehenpolku,"1",Katu
Lohjantie,"1",Katu
Lohkarekuja,"1",Katu
Lohkopellontie,"1",Katu
Loisteputki,"1",Katu
Loistokuja,"1",Katu
Lokipolku,"1",Katu
Lokitie,"1",Katu
Kissankellontie,"1",Katu
Kisällintie,"1",Katu
Kitarakuja,"1",Katu
Kitusentie,"1",Katu
Kivalontie,"1",Katu
Kivalterintie,"1",Katu
Kivelänkatu,"1",Katu
Kivenhakkaajankatu,"1",Katu
Kivensilmänkuja,"1",Katu
Kiviahontie,"1",Katu
Kiviaidankatu,"1",Katu
Kivihaankuja,"1",Katu
Kivihaanpolku,"1",Katu
Kivihaantie,"1",Katu
Kivijatatie,"1",Katu
Kivikonkaari,"1",Katu
Kivikonkuja,"1",Katu
Kivikonlaita,"1",Katu
Kivikontie,"1",Katu
Kivimäentie,"1",Katu
Kivipadontie,"1",Katu
Kiviparintie,"1",Katu
Kiviportintie,"1",Katu
Kivipyykintie,"1",Katu
Kivisaarentie,"1",Katu
Kivitaskuntie,"1",Katu
Kiviteltankatu,"1",Katu
Kivitie,"1",Katu
Kivitorpantie,"1",Katu
Klaarantie,"1",Katu
Klaavuntie,"1",Katu
Klamintie,"1",Katu
Klaneettikuja,"1",Katu
Klaneettitie,"1",Katu
Klaukkalankuja,"1",Katu
Klaukkalantie,"1",Katu
Kluuvikatu,"1",Katu
Knutersintie,"1",Katu
Knuutintie,"1",Katu
Koetilantie,"1",Katu
Koillisväylä,"1",Katu
Kointähdenkuja,"1",Katu
Kointähdentie,"1",Katu
Koirasaarenrinne,"1",Katu
Koirasaarentie,"1",Katu
Koivikkotie,"1",Katu
Koivinkuja,"1",Katu
Koivumäentie,"1",Katu
Koivuniementie,"1",Katu
Koivusaarentie,"1",Katu
Kokkokalliontie,"1",Katu
Kokkosaarenkatu,"1",Katu
Kolkkapojantie,"1",Katu
Kolmas linja,"1",Katu
Kolsarinkuja,"1",Katu
Kolsarintie,"1",Katu
Kolsintie,"1",Katu
Komentosilta,"1",Katu
Konalankuja,"1",Katu
Konalantie,"1",Katu
Konemestarinkatu,"1",Katu
Kongontie,"1",Katu
Kontiaisenkuja,"1",Katu
Kontukuja,"1",Katu
Kontulankaari,"1",Katu
Kontulankuja,"1",Katu
Kontulantie,"1",Katu
Koreankatu,"1",Katu
Korentotie,"1",Katu
Korkeakoskenkuja,"1",Katu
Korkeanmäenkuja,"1",Katu
Korkeanmäentie,"1",Katu
Korkeavuorenkatu,"1",Katu
Kornetinkuja,"1",Katu
Kornetintie,"1",Katu
Koroistentie,"1",Katu
Korpitie,"1",Katu
Korppaanmäentie,"1",Katu
Korppaantie,"1",Katu
Korsholmantie,"1",Katu
Korsitie,"1",Katu
Korsnäsin Huvilakuja,"1",Katu
Korsnäsinkuja,"1",Katu
Korsnäsintie,"1",Katu
Korsutie,"1",Katu
Kortesuontie,"1",Katu
Korvasienentie,"1",Katu
Korvatunturintie,"1",Katu
Koskelantie,"1",Katu
Koskenhaankuja,"1",Katu
Koskenhaantie,"1",Katu
Koskustie,"1",Katu
Kotasuontie,"1",Katu
Kotikaivontie,"1",Katu
Kotikallio,"1",Katu
Kotikonnuntie,"1",Katu
Kotikuja,"1",Katu
Kotikumpu,"1",Katu
Kotinummentie,"1",Katu
Kotipellontie,"1",Katu
Kotipihlajankuja,"1",Katu
Kotipolku,"1",Katu
Kotisaarenkatu,"1",Katu
Kotitie,"1",Katu
Kotitorpantie,"1",Katu
Kotkankatu,"1",Katu
Kotoniitynkuja,"1",Katu
Kotoniityntie,"1",Katu
Kottaraistie,"1",Katu
Koudankuja,"1",Katu
Koudantie,"1",Katu
Koukkusaarentie,"1",Katu
Koulumestarintie,"1",Katu
Koulunjohtajantie,"1",Katu
Koulutanhua,"1",Katu
Koulutuvantie,"1",Katu
Kousakuja,"1",Katu
Kousatie,"1",Katu
Kovelikuja,"1",Katu
Kovelipolku,"1",Katu
Kraatarintie,"1",Katu
Krankantie,"1",Katu
Orioninkatu,"1",Katu
Orisaarentie,"1",Katu
Ormuskuja,"1",Katu
Ormusmäentie,"1",Katu
Ormuspellontie,"1",Katu
Ormusrinne,"1",Katu
Orvokkitie,"1",Katu
Oskarinkuja,"1",Katu
Oskarintie,"1",Katu
Oskelantie,"1",Katu
Osmonkuja,"1",Katu
Osmontie,"1",Katu
Ostoskuja,"1",Katu
Ostostie,"1",Katu
Osuuskuja,"1",Katu
Osuuskunnantie,"1",Katu
Otavantie,"1",Katu
Otermankuja,"1",Katu
Otermantie,"1",Katu
Otto Brandtin tie,"1",Katu
Oulunkyläntie,"1",Katu
Ouluntie,"1",Katu
Ounasvaarankuja,"1",Katu
Ounasvaarantie,"1",Katu
Paalukuja,"1",Katu
Paanutie,"1",Katu
Paasikivenkatu,"1",Katu
Paasitie,"1",Katu
Paasivaarankatu,"1",Katu
Paasivuorenkatu,"1",Katu
Paationkuja,"1",Katu
Paatsamatie,"1",Katu
Paavolantie,"1",Katu
Paciuksenkaari,"1",Katu
Paciuksenkatu,"1",Katu
Paciuksenkuja,"1",Katu
Paimenhuilunpolku,"1",Katu
Paimionkuja,"1",Katu
Pajalahdentie,"1",Katu
Pajamäentie,"1",Katu
Pajukontie,"1",Katu
Pajuniityntie,"1",Katu
Pajupillintie,"1",Katu
Pakarituvantie,"1",Katu
Pakilan rantatie,"1",Katu
Pakilantie,"1",Katu
Pakinkuja,"1",Katu
Pakkamestarinkatu,"1",Katu
Pakkastie,"1",Katu
Paljerinne,"1",Katu
Palkkatilankatu,"1",Katu
Pallaksentie,"1",Katu
Pallokuja,"1",Katu
Pallomäenkuja,"1",Katu
Pallomäentie,"1",Katu
Palmsenpolku,"1",Katu
Paloheinäntie,"1",Katu
Palokellonkuja,"1",Katu
Palokoukunkuja,"1",Katu
Palomäentie,"1",Katu
Palopirtintie,"1",Katu
Palosuontie,"1",Katu
Palotorninkuja,"1",Katu
Palovartijantie,"1",Katu
Palttinakuja,"1",Katu
Pamppulankuja,"1",Katu
Paneliantie,"1",Katu
Panimokatu,"1",Katu
Pannipolku,"1",Katu
Panuntie,"1",Katu
Paperitie,"1",Katu
Papinmäentie,"1",Katu
Papinpöydänkuja,"1",Katu
Papukuja,"1",Katu
Paraistentie,"1",Katu
Pariisinkatu,"1",Katu
Parikkalantie,"1",Katu
Parivaljakonkuja,"1",Katu
Parivaljakontie,"1",Katu
Parkkikuja,"1",Katu
Parkkitie,"1",Katu
Parmaajantie,"1",Katu
Parrukatu,"1",Katu
Parrukuja,"1",Katu
Parsakuja,"1",Katu
Partiotie,"1",Katu
Parvipolku,"1",Katu
Pasilankatu,"1",Katu
Pasilanraitio,"1",Katu
Pasteurinkatu,"1",Katu
Pastori Jussilaisen tie,"1",Katu
Pastorintie,"1",Katu
Pasuunakuja,"1",Katu
Pasuunatie,"1",Katu
Patakuja,"1",Katu
Patolantie,"1",Katu
Patomäentie,"1",Katu
Patterikuja,"1",Katu
Patteripolku,"1",Katu
Paturintie,"1",Katu
Paukkulantie,"1",Katu
Paukkupolku,"1",Katu
Pehtoorintie,"1",Katu
Peilitie,"1",Katu
Peiponkatu,"1",Katu
Pekankatu,"1",Katu
Pelikuja,"1",Katu
Pelimannintie,"1",Katu
Pellavakaskentie,"1",Katu
Pellavapellontie,"1",Katu
Pellervontie,"1",Katu
Pellonperäntie,"1",Katu
Peltohiirenkuja,"1",Katu
Peltojyränkuja,"1",Katu
Peltojyräntie,"1",Katu
Peltokyläntie,"1",Katu
Peltolantie,"1",Katu
Pengerkatu,"1",Katu
Pengerkuja,"1",Katu
Pennikuja,"1",Katu
Pensaskuja,"1",Katu
Maasälväntie,"1",Katu
Maavallintie,"1",Katu
Madetojankuja,"1",Katu
Maistraatinkatu,"1",Katu
Maistraatinportti,"1",Katu
Maitikkakuja,"1",Katu
Majakanvartijankatu,"1",Katu
Majakkakuja,"1",Katu
Majavatie,"1",Katu
Maljatie,"1",Katu
Malkapolku,"1",Katu
Mallaskatu,"1",Katu
Malmin asematie,"1",Katu
Malmin kauppatie,"1",Katu
Malmin raitti,"1",Katu
Malminkaari,"1",Katu
Malminkartanonkuja,"1",Katu
Malminkartanontie,"1",Katu
Malminkatu,"1",Katu
Malminrinne,"1",Katu
Maneesikatu,"1",Katu
Mannerheimintie,"1",Katu
Manttaalitie,"1",Katu
Maratontie,"1",Katu
Margareetankuja,"1",Katu
Maria Jotunin tie,"1",Katu
Mariankatu,"1",Katu
Marjalahdentie,"1",Katu
Marjaniemenranta,"1",Katu
Marjaniementie,"1",Katu
Marjastajankuja,"1",Katu
Marjatantie,"1",Katu
Marjatie,"1",Katu
Markelininpolku,"1",Katu
Markkinatie,"1",Katu
Markunkuja,"1",Katu
Marmoritie,"1",Katu
Marsalkanpolku,"1",Katu
Marsalkantie,"1",Katu
Marsintie,"1",Katu
Marunakuja,"1",Katu
Maskuntie,"1",Katu
Mastokatu,"1",Katu
Mastokuja,"1",Katu
Masuunikuja,"1",Katu
Matkamiehenpolku,"1",Katu
Matkamiehentie,"1",Katu
Matosaarentie,"1",Katu
Matruusinkatu,"1",Katu
Maunulanmäki,"1",Katu
Maunulantie,"1",Katu
Maununnevankaari,"1",Katu
Maununnevankuja,"1",Katu
Maununnevantie,"1",Katu
Maurinkatu,"1",Katu
Maustetehtaankatu,"1",Katu
Mechelininkatu,"1",Katu
Mehiläistie,"1",Katu
Meijeritie,"1",Katu
Meilahdentie,"1",Katu
Mekaanikonkatu,"1",Katu
Melakuja,"1",Katu
Melatie,"1",Katu
Melkonkatu,"1",Katu
Melkonkuja,"1",Katu
Mellunmäentie,"1",Katu
Melojantie,"1",Katu
Melontakuja,"1",Katu
Merenkulkijankatu,"1",Katu
Merenkulkijankuja,"1",Katu
Merikannontie,"1",Katu
Merikapteenintie,"1",Katu
Merikasarminkatu,"1",Katu
Merikatu,"1",Katu
Merikorttikuja,"1",Katu
Merikorttitie,"1",Katu
Merilentoasemantie,"1",Katu
Merimiehenkatu,"1",Katu
Merimiehenkuja,"1",Katu
Meripellontie,"1",Katu
Meripihkatie,"1",Katu
Meripuistotie,"1",Katu
Merisatamanranta,"1",Katu
Merisotilaankatu,"1",Katu
Meritullinkatu,"1",Katu
Merkuriuksentie,"1",Katu
Mesaanikuja,"1",Katu
Mesaanipolku,"1",Katu
Mesenaatinkuja,"1",Katu
Mesenaatintie,"1",Katu
Mesikukankuja,"1",Katu
Mesipuu,"1",Katu
Messeniuksenkatu,"1",Katu
Messipoika,"1",Katu
Messipojankuja,"1",Katu
Messitytönkatu,"1",Katu
Messitytönkuja,"1",Katu
Mestarintie,"1",Katu
Meteorikuja,"1",Katu
Metrovarikonkuja,"1",Katu
Metsolantie,"1",Katu
Metsäläntie,"1",Katu
Metsänhoitajankatu,"1",Katu
Metsänvartijanpolku,"1",Katu
Metsäpuronkuja,"1",Katu
Metsäpurontie,"1",Katu
Metsätie,"1",Katu
Miekkapolku,"1",Katu
Mielikintie,"1",Katu
Miilumäenkuja,"1",Katu
Miilumäentie,"1",Katu
Miilutie,"1",Katu
Mikael Lybeckin katu,"1",Katu
Mikael Soinisen tie,"1",Katu
Mikkolankuja,"1",Katu
Mikkolantie,"1",Katu
Mikonkatu,"1",Katu
Mikroskooppikuja,"1",Katu
Minervankatu,"1",Katu
Minna Canthin katu,"1",Katu
Mittakuja,"1",Katu
Moisiontie,"1",Katu
Moreenitie,"1",Katu
Mottitie,"1",Katu
Muinaislinnantie,"1",Katu
Muinaistutkijantie,"1",Katu
Munkinpolku,"1",Katu
Munkkiniemen puistotie,"1",Katu
Munkkiniemenranta,"1",Katu
Munkkisaarenkatu,"1",Katu
Muonamiehentie,"1",Katu
Muotoilijankatu,"1",Katu
Muottikuja,"1",Katu
Murattitie,"1",Katu
Museokatu,"1",Katu
Mustalahdentie,"1",Katu
Mustanhalssinkuja,"1",Katu
Mustankivenkatu,"1",Katu
Mustanmäenkuja,"1",Katu
Mustanniemenkuja,"1",Katu
Mustanniemenrinne,"1",Katu
Mustanniementie,"1",Katu
Mustasaarenkuja,"1",Katu
Mustialankatu,"1",Katu
Mustikkamaantie,"1",Katu
Mustikkarinne,"1",Katu
Mustikkasuontie,"1",Katu
Muukalaiskatu,"1",Katu
Muuntajankatu,"1",Katu
Muuttolinnunkuja,"1",Katu
Muuttolinnuntie,"1",Katu
Myllykalliontie,"1",Katu
Myllymatkantie,"1",Katu
Myllynkiventie,"1",Katu
Myllypadontie,"1",Katu
Myllypellonpolku,"1",Katu
Myllypellontie,"1",Katu
Myllypurontie,"1",Katu
Myllytie,"1",Katu
Myllytuvantie,"1",Katu
Myllärintanhua,"1",Katu
Myllärintie,"1",Katu
Myrskyläntie,"1",Katu
Myrttitie,"1",Katu
Mäenalus,"1",Katu
Mäenharju,"1",Katu
Mäenlaskijantie,"1",Katu
Mäkelänkatu,"1",Katu
Mäkelänrinne,"1",Katu
Mäkikurpankuja,"1",Katu
Mäkipellonkuja,"1",Katu
Mäkipellontie,"1",Katu
Mäkiriihentie,"1",Katu
Mäkitorpankuja,"1",Katu
Mäkitorpanpolku,"1",Katu
Mäkitorpantie,"1",Katu
Männikkötie,"1",Katu
Mäntsäläntie,"1",Katu
Mäntylahdenkuja,"1",Katu
Mäntyniementie,"1",Katu
Mäntypaadentie,"1",Katu
Mäntytie,"1",Katu
Märssykuja,"1",Katu
Mätästie,"1",Katu
Mäyrätie,"1",Katu
N. A. Osaran kuja,"1",Katu
Naapurintie,"1",Katu
Naapuripellontie,"1",Katu
Nahkahousunkuja,"1",Katu
Nahkahousuntie,"1",Katu
Nallenmäenkuja,"1",Katu
Nallenmäenrinne,"1",Katu
Nallenmäentie,"1",Katu
Nallitie,"1",Katu
Napinvalajantie,"1",Katu
Naskalikuja,"1",Katu
Nastolantie,"1",Katu
Naulakallionkuja,"1",Katu
Naulakalliontie,"1",Katu
Nauriskuja,"1",Katu
Nauvontie,"1",Katu
Neitsytpolku,"1",Katu
Neitsytsaarentie,"1",Katu
Nelikkokuja,"1",Katu
Neljäs linja,"1",Katu
Nervanderinkatu,"1",Katu
Neulapadontie,"1",Katu
Neulastie,"1",Katu
Niemenmäenkuja,"1",Katu
Niemenmäentie,"1",Katu
Niemitie,"1",Katu
Niinimäentie,"1",Katu
Niittaajankatu,"1",Katu
Niittaajankuja,"1",Katu
Niittykulmantie,"1",Katu
Niittyluhdankuja,"1",Katu
Niittyluhdantie,"1",Katu
Niittylänpolku,"1",Katu
Niittyläntie,"1",Katu
Niittyrannankuja,"1",Katu
Niittyranta,"1",Katu
Niittyvillantie,"1",Katu
Niitynperäntie,"1",Katu
Nikonkuja,"1",Katu
Nils Westermarckin kuja,"1",Katu
Nilsiänkatu,"1",Katu
Nissaksentie,"1",Katu
Nokiantie,"1",Katu
Nordenskiöldinkatu,"1",Katu
Norkkokuja,"1",Katu
Norokuja,"1",Katu
Norotie,"1",Katu
Norrtäljentie,"1",Katu
Notkokuja,"1",Katu
Notkotie,"1",Katu
Nousiaistentie,"1",Katu
Nuijamiestenramppi,"1",Katu
Nuijamiestentie,"1",Katu
Nukarinkuja,"1",Katu
Nukarintie,"1",Katu
Nummikuja,"1",Katu
Nummitie,"1",Katu
Nuolitie,"1",Katu
Nuottaniementie,"1",Katu
Nuottapolku,"1",Katu
Nuppukuja,"1",Katu
Nurkkatie,"1",Katu
Nyyrikintie,"1",Katu
Näkinkuja,"1",Katu
Närekuja,"1",Katu
Näsinojankuja,"1",Katu
Näsinojantie,"1",Katu
Näyttelijäntie,"1",Katu
Näätäkuja,"1",Katu
Näätätie,"1",Katu
Ohjaajantie,"1",Katu
Ohjaskuja,"1",Katu
Ohrahuhdantie,"1",Katu
Ohralankuja,"1",Katu
Ohralantie,"1",Katu
Oikokatu,"1",Katu
Oinaankuja,"1",Katu
Oinaantie,"1",Katu
Ojamäentie,"1",Katu
Oksasenkatu,"1",Katu
Olavinlinnantie,"1",Katu
Olkilyhteentie,"1",Katu
Olkitie,"1",Katu
Ollilankuja,"1",Katu
Ollilantie,"1",Katu
Oltermannintie,"1",Katu
Omenamäenkatu,"1",Katu
Onkikuja,"1",Katu
Onnentie,"1",Katu
Operaattorinkatu,"1",Katu
Opettajankuja,"1",Katu
Opettajanpolku,"1",Katu
Oppipojankuja,"1",Katu
Oppipojantie,"1",Katu
Orakas,"1",Katu
Orapihlajakuja,"1",Katu
Orapihlajatie,"1",Katu
Oraspolku,"1",Katu
Oravatie,"1",Katu
Provianttikatu,"1",Katu
Puhuritie,"1",Katu
Puijonkatu,"1",Katu
Puikkari,"1",Katu
Puikkopolku,"1",Katu
Puikkotie,"1",Katu
Puistokaari,"1",Katu
Puistokatu,"1",Katu
Puistolan raitti,"1",Katu
Puistolantanhua,"1",Katu
Puistolantie,"1",Katu
Pukinmäenkaari,"1",Katu
Pukkilantie,"1",Katu
Pulttitie,"1",Katu
Punahilkantie,"1",Katu
Punakanelinkuja,"1",Katu
Punakiventie,"1",Katu
Punanotkonkatu,"1",Katu
Punapaadenkuja,"1",Katu
Punapaadentie,"1",Katu
Punatulkuntie,"1",Katu
Punatuvantie,"1",Katu
Punavuorenkatu,"1",Katu
Punttikuja,"1",Katu
Puolaharju,"1",Katu
Puolaharjunkuja,"1",Katu
Puolimatkanpolku,"1",Katu
Puolipäivänkatu,"1",Katu
Puotilan metrokatu,"1",Katu
Puotilantie,"1",Katu
Purjeentekijänkuja,"1",Katu
Purjehtijankuja,"1",Katu
Purjetie,"1",Katu
Purjetuulenkuja,"1",Katu
Purjetuulentie,"1",Katu
Puroniitynlaakso,"1",Katu
Puroniityntie,"1",Katu
Puronvarsi,"1",Katu
Purotie,"1",Katu
Purpurikuja,"1",Katu
Purserinkuja,"1",Katu
Pursimiehenkatu,"1",Katu
Pursipolku,"1",Katu
Putkitie,"1",Katu
Puunaulankuja,"1",Katu
Puunkaatajantie,"1",Katu
Puusepänkatu,"1",Katu
Puuskakuja,"1",Katu
Puuskaniementie,"1",Katu
Puuskarinne,"1",Katu
Puustellinrinne,"1",Katu
Puustellintie,"1",Katu
Puusuutarintie,"1",Katu
Pyhtääntie,"1",Katu
Pyhän Laurin tie,"1",Katu
Pykälätie,"1",Katu
Pyrytie,"1",Katu
Pyterlahdenkuja,"1",Katu
Pyynikintie,"1",Katu
Pyörökivenkuja,"1",Katu
Pyörökiventie,"1",Katu
Pyörörinne,"1",Katu
Pyötsaarenkuja,"1",Katu
Pähkinäsaarenkatu,"1",Katu
Pähkinätie,"1",Katu
Päijänteentie,"1",Katu
Päitsitie,"1",Katu
Päiväläisentie,"1",Katu
Päivänkukantie,"1",Katu
Päivänsalontie,"1",Katu
Päiväperhonpolku,"1",Katu
Päiväperhontie,"1",Katu
Päivärinnankatu,"1",Katu
Päivölänkuja,"1",Katu
Päivöläntie,"1",Katu
Pälkäneentie,"1",Katu
Pärnunkatu,"1",Katu
Pääskylahdentie,"1",Katu
Pääskylänkatu,"1",Katu
Pääskylänrinne,"1",Katu
Päästäisenkuja,"1",Katu
Päätie,"1",Katu
Raaseporintie,"1",Katu
Raatetie,"1",Katu
Raatimiehenkatu,"1",Katu
Radanrakentajantie,"1",Katu
Radiokatu,"1",Katu
Radiokuja,"1",Katu
Radioniementie,"1",Katu
Raekuja,"1",Katu
Raetie,"1",Katu
Rahakamarinkatu,"1",Katu
Rahapajankatu,"1",Katu
Rahkatie,"1",Katu
Rahtarinkatu,"1",Katu
Raidepolku,"1",Katu
Raisiontie,"1",Katu
Raitamaantie,"1",Katu
Raitamäenkuja,"1",Katu
Raitamäentie,"1",Katu
Raiviontie,"1",Katu
Rajametsäntie,"1",Katu
Rajapolku,"1",Katu
Rajasaarenpenger,"1",Katu
Rajasaarentie,"1",Katu
Rajatie,"1",Katu
Rajaveräjäntie,"1",Katu
Rakennusmestarintie,"1",Katu
Rakentajantie,"1",Katu
Rakovalkeantie,"1",Katu
Rakuunantie,"1",Katu
Ramsaynranta,"1",Katu
Ramsinniementie,"1",Katu
Ranckenintie,"1",Katu
Rannikkolaivurinkuja,"1",Katu
Rannikkolaivurintie,"1",Katu
Salomonkatu,"1",Katu
Salotie,"1",Katu
Salpausseläntie,"1",Katu
Samettikuja,"1",Katu
Sammalparrankuja,"1",Katu
Sammatintie,"1",Katu
Sammonkatu,"1",Katu
Sampsantie,"1",Katu
Sananjalankuja,"1",Katu
Sandelsinkatu,"1",Katu
Saniaiskuja,"1",Katu
Saniaistie,"1",Katu
Sanitäärinkatu,"1",Katu
Sankaritie,"1",Katu
Sankkikuja,"1",Katu
Santahaminantie,"1",Katu
Santakatu,"1",Katu
Santakuja,"1",Katu
Santavuorentie,"1",Katu
Santerlantie,"1",Katu
Sapilastie,"1",Katu
Saramäentie,"1",Katu
Sarastuskuja,"1",Katu
Sarastustie,"1",Katu
Sariolantie,"1",Katu
Sarkatie,"1",Katu
Sarsantie,"1",Katu
Sarvastonkaari,"1",Katu
Sarvastonkuja,"1",Katu
Satakielentie,"1",Katu
Satamakaari,"1",Katu
Satamakatu,"1",Katu
Satamaradankatu,"1",Katu
Satamasaarentie,"1",Katu
Sateenkaarenkuja,"1",Katu
Sateenkaarentie,"1",Katu
Satulasepäntie,"1",Katu
Satumaanpolku,"1",Katu
Saturnuksentie,"1",Katu
Saukonpaadenranta,"1",Katu
Saunakuja,"1",Katu
Saunalahdentie,"1",Katu
Saunatie,"1",Katu
Sauramatie,"1",Katu
Sauvontie,"1",Katu
Savelankuja,"1",Katu
Savelantie,"1",Katu
Savikiekontie,"1",Katu
Savilankatu,"1",Katu
Savitaipaleentie,"1",Katu
Savonkatu,"1",Katu
Schybergsonintie,"1",Katu
Seilorinkatu,"1",Katu
Selim Lindqvistin kuja,"1",Katu
Seljatie,"1",Katu
Selkämerenkatu,"1",Katu
Sellerikuja,"1",Katu
Sentnerikuja,"1",Katu
Rantakartanontie,"1",Katu
Rantakiventie,"1",Katu
Rantapolku,"1",Katu
Rantatöyry,"1",Katu
Rantavarastontie,"1",Katu
Rapakivenkuja,"1",Katu
Rapakiventie,"1",Katu
Rapolantie,"1",Katu
Rapparinkuja,"1",Katu
Rapparintie,"1",Katu
Rapuojantie,"1",Katu
Rasavilliuksenkuja,"1",Katu
Rasinkuja,"1",Katu
Rasintie,"1",Katu
Rasmuksenkuja,"1",Katu
Rasmuksentie,"1",Katu
Rastilantie,"1",Katu
Ratakatu,"1",Katu
Ratamestarinkatu,"1",Katu
Ratamopolku,"1",Katu
Ratapihantie,"1",Katu
Ratasmyllynkuja,"1",Katu
Ratasmyllyntie,"1",Katu
Ratavallintie,"1",Katu
Ratavartijankatu,"1",Katu
Rattitie,"1",Katu
Rauhankatu,"1",Katu
Raumantie,"1",Katu
Rauninkuja,"1",Katu
Raussintie,"1",Katu
Rautahatuntie,"1",Katu
Rautalammintie,"1",Katu
Rautapaidantie,"1",Katu
Rautatieläisenkatu,"1",Katu
Rautiontie,"1",Katu
Rautjärventie,"1",Katu
Reelinki,"1",Katu
Reginankuja,"1",Katu
Rehbinderintie,"1",Katu
Reiherintie,"1",Katu
Reijolankatu,"1",Katu
Reino Helismaan tie,"1",Katu
Reitkallinkuja,"1",Katu
Rekikuja,"1",Katu
Rekipellontie,"1",Katu
Rekitie,"1",Katu
Relanderinaukio,"1",Katu
Renvallinkuja,"1",Katu
Reposalmentie,"1",Katu
Repossaarentie,"1",Katu
Repovuorentie,"1",Katu
Reppukatu,"1",Katu
Reppukuja,"1",Katu
Resedatie,"1",Katu
Retkeilijänkatu,"1",Katu
Retkeilijänkuja,"1",Katu
Revontulentie,"1",Katu
Ribbingintie,"1",Katu
Rihlakuja,"1",Katu
Riihenkulma,"1",Katu
Riihikallionkuja,"1",Katu
Riihikallionpolku,"1",Katu
Riihikalliontie,"1",Katu
Riihipellonkuja,"1",Katu
Riihipellontie,"1",Katu
Riihitie,"1",Katu
Riimukuja,"1",Katu
Riimusauvantie,"1",Katu
Riistavuorenkuja,"1",Katu
Riitankuja,"1",Katu
Rikalantie,"1",Katu
Rikhard Nymanin tie,"1",Katu
Rikhardinkatu,"1",Katu
Rikunkuja,"1",Katu
Rimpisuontie,"1",Katu
Rinne,"1",Katu
Rintamasotilaantie,"1",Katu
Rintinpolku,"1",Katu
Ripekuja,"1",Katu
Ripetie,"1",Katu
Ripusuonpolku,"1",Katu
Ripusuontie,"1",Katu
Riskutie,"1",Katu
Ristikkokatu,"1",Katu
Ristimäenkuja,"1",Katu
Ristimäentie,"1",Katu
Ristipellontie,"1",Katu
Ristiretkeläistenkatu,"1",Katu
Risto Rytin kuja,"1",Katu
Risto Rytin tie,"1",Katu
Ristolantie,"1",Katu
Risupadontie,"1",Katu
Ritarikatu,"1",Katu
Ritokalliontie,"1",Katu
Ritvalankuja,"1",Katu
Ritvalantie,"1",Katu
Riukukuja,"1",Katu
Riukutie,"1",Katu
Robert Hermansonin tie,"1",Katu
Rohdinkuja,"1",Katu
Rohkatie,"1",Katu
Roihuvuorentie,"1",Katu
Roineentie,"1",Katu
Roomankatu,"1",Katu
Rousku,"1",Katu
Rudolfinkuja,"1",Katu
Rudolfintie,"1",Katu
Ruiskukantie,"1",Katu
Rukatunturintie,"1",Katu
Rukkilanrinne,"1",Katu
Rukkilantie,"1",Katu
Rukotie,"1",Katu
Rukoushuoneentie,"1",Katu
Runeberginkatu,"1",Katu
Runoilijanpolku,"1",Katu
Runonlaulajantie,"1",Katu
Runopolku,"1",Katu
Ruoholahdenkatu,"1",Katu
Ruoholahdenranta,"1",Katu
Ruohotie,"1",Katu
Ruonapolku,"1",Katu
Ruonasalmentie,"1",Katu
Ruorimiehentie,"1",Katu
Ruoritie,"1",Katu
Ruosilankuja,"1",Katu
Ruosilantie,"1",Katu
Ruotsinpyhtääntie,"1",Katu
Ruotsinsalmenkuja,"1",Katu
Ruotsinsalmentie,"1",Katu
Ruotumestarinkatu,"1",Katu
Ruotutorpankuja,"1",Katu
Ruotutorpantie,"1",Katu
Rusakkokuja,"1",Katu
Rusthollarinkuja,"1",Katu
Rusthollarintie,"1",Katu
Rusthollinpolku,"1",Katu
Ruukinlahdentie,"1",Katu
Ruusankatu,"1",Katu
Ruusulankatu,"1",Katu
Ruusuniementie,"1",Katu
Ruusutarhantie,"1",Katu
Ruutanakuja,"1",Katu
Ruutikuja,"1",Katu
Rykmentintie,"1",Katu
Rynnästie,"1",Katu
Rypsikuja,"1",Katu
Ryynikuja,"1",Katu
Ryytikuja,"1",Katu
Ryytimaankuja,"1",Katu
Ryytimaantie,"1",Katu
Rälssintie,"1",Katu
Ränkikuja,"1",Katu
Ränkitie,"1",Katu
Rödje-Fantsin tie,"1",Katu
Rörstrandinkatu,"1",Katu
Saanatunturintie,"1",Katu
Saarenkatu,"1",Katu
Saarenmaankatu,"1",Katu
Saarihuhdantie,"1",Katu
Saariniemenkatu,"1",Katu
Saariselänkuja,"1",Katu
Saariseläntie,"1",Katu
Saarnaajantie,"1",Katu
Saarnitie,"1",Katu
Saavikuja,"1",Katu
Sadetie,"1",Katu
Sahaajankatu,"1",Katu
Sahaajankuja,"1",Katu
Sahamyllyntie,"1",Katu
Sahatie,"1",Katu
Sahtikuja,"1",Katu
Saimaankatu,"1",Katu
Sakara,"1",Katu
Sakarinkatu,"1",Katu
Sakerintie,"1",Katu
Salakkakuja,"1",Katu
Salavakuja,"1",Katu
Salavatie,"1",Katu
Sallinkatu,"1",Katu
Salmisaarenkatu,"1",Katu
Salmisaarenranta,"1",Katu
Pensastie,"1",Katu
Penttalantie,"1",Katu
Penttiläntie,"1",Katu
Perhekuja,"1",Katu
Perhekunnantie,"1",Katu
Perhonkatu,"1",Katu
Perintökaarentie,"1",Katu
Perkiöntie,"1",Katu
Permanto,"1",Katu
Pernajantie,"1",Katu
Perttulantie,"1",Katu
Pertunpellontie,"1",Katu
Perustie,"1",Katu
Perämiehenkatu,"1",Katu
Peräsintie,"1",Katu
Pesäkuja,"1",Katu
Petaksenkuja,"1",Katu
Petaksentie,"1",Katu
Petter Wetterin tie,"1",Katu
Peukaloisentie,"1",Katu
Peuratie,"1",Katu
Pienen Villasaaren tie,"1",Katu
Pieni Roobertinkatu,"1",Katu
Piennar,"1",Katu
Pietari Hannikaisen tie,"1",Katu
Pietari Kalmin katu,"1",Katu
Pietarinkatu,"1",Katu
Pietiläntie,"1",Katu
Pihatie,"1",Katu
Pihkatie,"1",Katu
Pihlajamäentie,"1",Katu
Pihlajasaarenkatu,"1",Katu
Pihlajatie,"1",Katu
Pihlajistonkuja,"1",Katu
Pihlajistontie,"1",Katu
Piikinkuja,"1",Katu
Piikintie,"1",Katu
Piilikuja,"1",Katu
Piippuhylly,"1",Katu
Piispantie,"1",Katu
Pikajuoksijankuja,"1",Katu
Pikalähetintie,"1",Katu
Pikipolku,"1",Katu
Pikkalankatu,"1",Katu
Pikkaraiskuja,"1",Katu
Pikkaraispolku,"1",Katu
Pikkaraistie,"1",Katu
Pikku Satamakatu,"1",Katu
Pikkukoskentie,"1",Katu
Pikkumatintie,"1",Katu
Pikkupurontie,"1",Katu
Pikkusuonkuja,"1",Katu
Pikkusuontie,"1",Katu
Pilssikuja,"1",Katu
Pilvilinnankatu,"1",Katu
Pilvitie,"1",Katu
Pirjontie,"1",Katu
Pirkkolantie,"1",Katu
Pirttipolku,"1",Katu
Pitkämäentie,"1",Katu
Pitkänsillanranta,"1",Katu
Pituuspiiri,"1",Katu
Pitäjänmäentie,"1",Katu
Plutonkuja,"1",Katu
Pläsinpellonkuja,"1",Katu
Pohjanpellonkuja,"1",Katu
Pohjanpellontie,"1",Katu
Pohjantähdenkuja,"1",Katu
Pohjantähdentie,"1",Katu
Pohjavedenkatu,"1",Katu
Pohjavedenkuja,"1",Katu
Pohjavedenportti,"1",Katu
Pohjoinen Hesperiankatu,"1",Katu
Pohjoinen Makasiinikatu,"1",Katu
Pohjoinen Rautatiekatu,"1",Katu
Pohjoisesplanadi,"1",Katu
Pohjoishuhdankuja,"1",Katu
Pohjoiskaari,"1",Katu
Pohjoisniementie,"1",Katu
Pohjoisranta,"1",Katu
Pohjolankatu,"1",Katu
Poiju,"1",Katu
Poijukuja,"1",Katu
Poijutie,"1",Katu
Porekuja,"1",Katu
Porintie,"1",Katu
Porkkalankatu,"1",Katu
Pormestarinrinne,"1",Katu
Pornaistenkuja,"1",Katu
Porrastie,"1",Katu
Porslahdenkuja,"1",Katu
Porslahdentie,"1",Katu
Porthaninkatu,"1",Katu
Portimopolku,"1",Katu
Porttikuja,"1",Katu
Porttirinne,"1",Katu
Porttitie,"1",Katu
Porvarintie,"1",Katu
Porvoonkatu,"1",Katu
Posetiivarinkuja,"1",Katu
Posliinikatu,"1",Katu
Postintaival,"1",Katu
Poutamäentie,"1",Katu
Poutunkuja,"1",Katu
Poutuntie,"1",Katu
Prammikuja,"1",Katu
Prikikuja,"1",Katu
Prikitie,"1",Katu
Prinsessantie,"1",Katu
Prinssintie,"1",Katu
Professorintie,"1",Katu
Pronssitie,"1",Katu
Topiaksentie,"1",Katu
Torikatu,"1",Katu
Torivoudintie,"1",Katu
Torkkelinkatu,"1",Katu
Torkkelinkuja,"1",Katu
Torpparinmäentie,"1",Katu
Toukolankatu,"1",Katu
Traktoritie,"1",Katu
Trumpettikuja,"1",Katu
Trumpettitie,"1",Katu
Tuhkanummentie,"1",Katu
Tuhkimontie,"1",Katu
Tuhtotie,"1",Katu
Tuiskutie,"1",Katu
Tukholmankatu,"1",Katu
Tukkikuja,"1",Katu
Tukkipolku,"1",Katu
Tukkisillankuja,"1",Katu
Tukkisillantie,"1",Katu
Tukkitie,"1",Katu
Tulisuontie,"1",Katu
Tullikirjurinkuja,"1",Katu
Tullivuorenkuja,"1",Katu
Tullivuorentie,"1",Katu
Tulppakuja,"1",Katu
Tulppatie,"1",Katu
Tulustie,"1",Katu
Tulvaniityntie,"1",Katu
Tunnelitie,"1",Katu
Tunturikatu,"1",Katu
Tuohikoivuntie,"1",Katu
Tuohimäentie,"1",Katu
Tuohuskuja,"1",Katu
Tuohustie,"1",Katu
Tuomaankuja,"1",Katu
Tuomarinkyläntie,"1",Katu
Tuomipolku,"1",Katu
Tuonelankuja,"1",Katu
Tuoppikuja,"1",Katu
Tupasaarentie,"1",Katu
Tupavuori,"1",Katu
Turilaskuja,"1",Katu
Turkhaudantie,"1",Katu
Turkismiehenkuja,"1",Katu
Turkismiehentie,"1",Katu
Tursontie,"1",Katu
Turunlinnantie,"1",Katu
Turvapolku,"1",Katu
Turvekuja,"1",Katu
Tuubakuja,"1",Katu
Tuukkalankuja,"1",Katu
Tuukkalantie,"1",Katu
Tuulaspolku,"1",Katu
Tuulenpesänkuja,"1",Katu
Tuulenpesäntie,"1",Katu
Tuulilasintie,"1",Katu
Tuulimyllyntie,"1",Katu
Tuulitie,"1",Katu
Tykistökapteenintie,"1",Katu
Tykistönkatu,"1",Katu
Tyynelänkuja,"1",Katu
Tyynenmerenkatu,"1",Katu
Tyynylaavankuja,"1",Katu
Tyynylaavantie,"1",Katu
Työkunnankuja,"1",Katu
Työmiehenkatu,"1",Katu
Työnjohtajankatu,"1",Katu
Työpajankatu,"1",Katu
Tähkätie,"1",Katu
Tähtisilmänkuja,"1",Katu
Tähtitie,"1",Katu
Tähtitorninkatu,"1",Katu
Töllinmäki,"1",Katu
Töllinrinne,"1",Katu
Törmäkuja,"1",Katu
Töyrynummentie,"1",Katu
Töyrytie,"1",Katu
Töölönkatu,"1",Katu
Töölönlahdenkatu,"1",Katu
Töölöntorinkatu,"1",Katu
Töölöntullinkatu,"1",Katu
Uimarannantie,"1",Katu
Uimarinpolku,"1",Katu
Uiskokuja,"1",Katu
Uiskotie,"1",Katu
Uittamontie,"1",Katu
Ukkostie,"1",Katu
Ukkotuomarinkuja,"1",Katu
Ulappasaarentie,"1",Katu
Ullankatu,"1",Katu
Ullanlinnankatu,"1",Katu
Ulvilantie,"1",Katu
Ummeljoentie,"1",Katu
Umpiaidanpolku,"1",Katu
Unikkotie,"1",Katu
Unilukkarintie,"1",Katu
Unioninkatu,"1",Katu
Untamalankuja,"1",Katu
Untamalantie,"1",Katu
Untamontie,"1",Katu
Untuvaisenkuja,"1",Katu
Untuvaisentie,"1",Katu
Uotinmäenkuja,"1",Katu
Uotinmäentie,"1",Katu
Urakkakuja,"1",Katu
Urakkatie,"1",Katu
Uranuksentie,"1",Katu
Urheilukatu,"1",Katu
Urho Kekkosen katu,"1",Katu
Urkupillintie,"1",Katu
Urkurintie,"1",Katu
Urputie,"1",Katu
Usvatie,"1",Katu
Sepeteuksentie,"1",Katu
Sepänkatu,"1",Katu
Serkustentie,"1",Katu
Seulastenkuja,"1",Katu
Seulastentie,"1",Katu
Seulatie,"1",Katu
Seunalantie,"1",Katu
Seurasaarentie,"1",Katu
Shemeikankuja,"1",Katu
Siamintie,"1",Katu
Sibeliuksenkatu,"1",Katu
Sidekuja,"1",Katu
Sidetie,"1",Katu
Siemenkuja,"1",Katu
Sienikuja,"1",Katu
Sienitie,"1",Katu
Sihteerintie,"1",Katu
Sihtikuja,"1",Katu
Siilikuja,"1",Katu
Siilitie,"1",Katu
Siimakuja,"1",Katu
Silatie,"1",Katu
Silkinkutojankuja,"1",Katu
Silkkikuja,"1",Katu
Silkkitie,"1",Katu
Silkokuja,"1",Katu
Siltakylänkuja,"1",Katu
Siltakyläntie,"1",Katu
Siltasaarenkatu,"1",Katu
Siltasaarenkärki,"1",Katu
Siltatie,"1",Katu
Siltavoudinkuja,"1",Katu
Siltavoudintie,"1",Katu
Siltavuorenpenger,"1",Katu
Siltavuorenranta,"1",Katu
Simakuja,"1",Katu
Simeonintie,"1",Katu
Simonkatu,"1",Katu
Simppukarinkatu,"1",Katu
Simpukkakuja,"1",Katu
Simsiönkuja,"1",Katu
Sinebrychoffinkatu,"1",Katu
Sinivuokonpolku,"1",Katu
Sinivuorentie,"1",Katu
Sipoonkatu,"1",Katu
Sippolankuja,"1",Katu
Sirkkalankuja,"1",Katu
Sirkkalanmäki,"1",Katu
Sirkkalanpolku,"1",Katu
Sirrikuja,"1",Katu
Sisarustentie,"1",Katu
Sisselenkuja,"1",Katu
Sissosentie,"1",Katu
Sitrakuja,"1",Katu
Sitratie,"1",Katu
Siuntionkatu,"1",Katu
Sjöströmintie,"1",Katu
Skutholminkaari,"1",Katu
Snellmaninkatu,"1",Katu
Sofiankatu,"1",Katu
Sofianlehdonkatu,"1",Katu
Soidinkuja,"1",Katu
Soidintie,"1",Katu
Soihtukuja,"1",Katu
Soihtupolku,"1",Katu
Soininkuja,"1",Katu
Soinintie,"1",Katu
Sointutie,"1",Katu
Soittajankuja,"1",Katu
Soittajantie,"1",Katu
Solakallionkuja,"1",Katu
Solakallionpää,"1",Katu
Solakalliontie,"1",Katu
Solistintie,"1",Katu
Solnantie,"1",Katu
Solvikinkatu,"1",Katu
Solvikinkuja,"1",Katu
Somerikkotie,"1",Katu
Somerontie,"1",Katu
Sompiontie,"1",Katu
Sopulirinne,"1",Katu
Sopulitie,"1",Katu
Soraharjuntie,"1",Katu
Sormuspolku,"1",Katu
Sorolankuja,"1",Katu
Sorolantie,"1",Katu
Sorsavuorenkatu,"1",Katu
Sorvaajankatu,"1",Katu
Sotasatamantie,"1",Katu
Sotilasmäentie,"1",Katu
Sotilaspellontie,"1",Katu
Sotkamonkuja,"1",Katu
Sotkatie,"1",Katu
Sotungintie,"1",Katu
Soturinkuja,"1",Katu
Soturinpolku,"1",Katu
Soutajankuja,"1",Katu
Soutukuja,"1",Katu
Spelttitie,"1",Katu
Speranskintie,"1",Katu
Stenbäckinkatu,"1",Katu
Steniuksentie,"1",Katu
Strömberginkuja,"1",Katu
Strömbergintie,"1",Katu
Strömsinlahdenkuja,"1",Katu
Strömsintie,"1",Katu
Sturenkatu,"1",Katu
Ståhlberginkuja,"1",Katu
Ståhlbergintie,"1",Katu
Sulkapolku,"1",Katu
Sumatrankuja,"1",Katu
Sumatrantie,"1",Katu
Sunilankuja,"1",Katu
Sunilanpolku,"1",Katu
Sunilantie,"1",Katu
Suntionpolku,"1",Katu
Suokuja,"1",Katu
Suolakivenkatu,"1",Katu
Suolakivenkuja,"1",Katu
Suomenniemenkuja,"1",Katu
Suomenniementie,"1",Katu
Suomensuontie,"1",Katu
Suonionkatu,"1",Katu
Suonlaita,"1",Katu
Suonotkontie,"1",Katu
Suopursuntie,"1",Katu
Suovakuja,"1",Katu
Suovaniityntie,"1",Katu
Suovatie,"1",Katu
Susitie,"1",Katu
Suunnittelijankatu,"1",Katu
Suuntimokuja,"1",Katu
Suuntimotie,"1",Katu
Suurkaski,"1",Katu
Suurmetsäntie,"1",Katu
Suursuonlaita,"1",Katu
Suursuontie,"1",Katu
Suutarilantie,"1",Katu
Suutarinpolku,"1",Katu
Suutarintie,"1",Katu
Suvanne,"1",Katu
Suvannontie,"1",Katu
Suvikuja,"1",Katu
Suvilahdenkatu,"1",Katu
Suvitie,"1",Katu
Svanströminkuja,"1",Katu
Svanströmintie,"1",Katu
Svartvikinkuja,"1",Katu
Svinhufvudinkuja,"1",Katu
Svinhufvudintie,"1",Katu
Sylvesterinkuja,"1",Katu
Sylvesterintie,"1",Katu
Sysimiehenkuja,"1",Katu
Sysimiehenpolku,"1",Katu
Sysimiehentie,"1",Katu
Syyriankatu,"1",Katu
Syystie,"1",Katu
Sädekuja,"1",Katu
Sädepolku,"1",Katu
Sädetie,"1",Katu
Sähkölaitoksentie,"1",Katu
Sähköttäjänkatu,"1",Katu
Säkkikatu,"1",Katu
Säkylänkuja,"1",Katu
Säkyläntie,"1",Katu
Sänkbackankuja,"1",Katu
Sänkikuja,"1",Katu
Sänkitie,"1",Katu
Särkikuja,"1",Katu
Särkiniementie,"1",Katu
Säterinportti,"1",Katu
Säterintie,"1",Katu
Säveltie,"1",Katu
Säynäskuja,"1",Katu
Säynäslahdentie,"1",Katu
Sääskikuja,"1",Katu
Säästöpankinranta,"1",Katu
Sörnäisten rantatie,"1",Katu
Sörnäistenkatu,"1",Katu
Taavetinkuja,"1",Katu
Taavetti Laitisen katu,"1",Katu
Taavinkuja,"1",Katu
Taimistontie,"1",Katu
Taiteentekijäntie,"1",Katu
Taivaankansi,"1",Katu
Taivaanvuohentie,"1",Katu
Taivaskalliontie,"1",Katu
Takalankuja,"1",Katu
Takalanrinne,"1",Katu
Takalantie,"1",Katu
Takametsäntie,"1",Katu
Takaniementie,"1",Katu
Takaniitynkuja,"1",Katu
Takaniityntie,"1",Katu
Takilatie,"1",Katu
Takkapolku,"1",Katu
Takkatie,"1",Katu
Takomotie,"1",Katu
Takoraudantie,"1",Katu
Talitiaistie,"1",Katu
Talkootie,"1",Katu
Tallbergin puistotie,"1",Katu
Tallberginkatu,"1",Katu
Tallikuja,"1",Katu
Talonpojantie,"1",Katu
Talontie,"1",Katu
Talosaarentie,"1",Katu
Talttakuja,"1",Katu
Talttatie,"1",Katu
Talvelantie,"1",Katu
Tammasaarenkatu,"1",Katu
Tammasaarenlaituri,"1",Katu
Tamminiementie,"1",Katu
Tammisalontie,"1",Katu
Tammitie,"1",Katu
Tamppitie,"1",Katu
Tanelintie,"1",Katu
Tanhuankuja,"1",Katu
Tanhuantie,"1",Katu
Tanotorventie,"1",Katu
Tapanilankaari,"1",Katu
Tapaninkallio,"1",Katu
Tapaninvainiontie,"1",Katu
Tapiolantie,"1",Katu
Tapperinkuja,"1",Katu
Tapulikaupungintie,"1",Katu
Tarkk'ampujankatu,"1",Katu
Tasaisenpellontie,"1",Katu
Tasankotie,"1",Katu
Tattariharjunkuja,"1",Katu
Tattariharjuntie,"1",Katu
Tattarisuontie,"1",Katu
Tatti,"1",Katu
Taulutie,"1",Katu
Tavaststjernankatu,"1",Katu
Teemuntie,"1",Katu
Teerikukonkuja,"1",Katu
Teerikukontie,"1",Katu
Teerisaarentie,"1",Katu
Teerisuonkuja,"1",Katu
Teerisuontie,"1",Katu
Tehtaankatu,"1",Katu
Teininmäki,"1",Katu
Teinintie,"1",Katu
Telakkakatu,"1",Katu
Telatie,"1",Katu
Televisiokatu,"1",Katu
Teljokuja,"1",Katu
Teljäntie,"1",Katu
Telkkäkuja,"1",Katu
Telttakuja,"1",Katu
Temppelikatu,"1",Katu
Tenavatie,"1",Katu
Tenholantie,"1",Katu
Teollisuuskatu,"1",Katu
Teollisuusneuvoksenkatu,"1",Katu
Terhotie,"1",Katu
Terrinkuja,"1",Katu
Terrintie,"1",Katu
Tervapääskynkuja,"1",Katu
Tervapääskynpolku,"1",Katu
Tervasaarenkannas,"1",Katu
Tervastie,"1",Katu
Terveystie,"1",Katu
Teräkuja,"1",Katu
Teuvo Pakkalan tie,"1",Katu
Tietokuja,"1",Katu
Tiilimäki,"1",Katu
Tiilipolku,"1",Katu
Tiilirinne,"1",Katu
Tiiliruukintie,"1",Katu
Tiirasaarentie,"1",Katu
Tiirismaantie,"1",Katu
Tikkurikuja,"1",Katu
Tilanhoitajankaari,"1",Katu
Tilhikuja,"1",Katu
Tilhitie,"1",Katu
Tilkankatu,"1",Katu
Tilkankuja,"1",Katu
Tilkanvierto,"1",Katu
Timonkuja,"1",Katu
Timoteikuja,"1",Katu
Tinasepäntie,"1",Katu
Tinatie,"1",Katu
Tivolitie,"1",Katu
Toinen linja,"1",Katu
Toini Muonan katu,"1",Katu
Toiskantie,"1",Katu
Toivonkatu,"1",Katu
Tolarintie,"1",Katu
Tollintie,"1",Katu
Tomaattikuja,"1",Katu
Topeliuksenkatu,"1",Katu
Vemmelkuja,"1",Katu
Veneentekijänkuja,"1",Katu
Veneentekijäntie,"1",Katu
Venemestarintie,"1",Katu
Venlanpolku,"1",Katu
Venttiilikuja,"1",Katu
Verkakuja,"1",Katu
Verkkosaarenkatu,"1",Katu
Verkkotie,"1",Katu
Veropellontie,"1",Katu
Versokuja,"1",Katu
Veräjämäenkuja,"1",Katu
Veräjämäenpolku,"1",Katu
Veräjämäentie,"1",Katu
Veräjänkorva,"1",Katu
Vesakkotie,"1",Katu
Vesalantie,"1",Katu
Vesannontie,"1",Katu
Vesilinnankatu,"1",Katu
Vesimiehentie,"1",Katu
Vesimyllyntie,"1",Katu
Vesirattaantie,"1",Katu
Vesitasontie,"1",Katu
Vespertie,"1",Katu
Vesuritie,"1",Katu
Vetelintie,"1",Katu
Veteraanikuja,"1",Katu
Veturimiehenkatu,"1",Katu
Veturitie,"1",Katu
Viertolantie,"1",Katu
Viestitie,"1",Katu
Vihdintie,"1",Katu
Vihervarpusenpolku,"1",Katu
Vihervarpusentie,"1",Katu
Vihtakuja,"1",Katu
Vihtorinkuja,"1",Katu
Viidenrajantie,"1",Katu
Viides linja,"1",Katu
Viikinginkuja,"1",Katu
Viikingintie,"1",Katu
Viikinkaari,"1",Katu
Viikinmäentie,"1",Katu
Viikinportinkatu,"1",Katu
Viikinportti,"1",Katu
Viikintie,"1",Katu
Viiktorpantie,"1",Katu
Viilarintie,"1",Katu
Viinenkuja,"1",Katu
Viinentie,"1",Katu
Viipurinkatu,"1",Katu
Viitasuonkuja,"1",Katu
Viitasuontie,"1",Katu
Viittapolku,"1",Katu
Vikkullantie,"1",Katu
Viklakuja,"1",Katu
Vilhonkatu,"1",Katu
Vilhonvuorenkatu,"1",Katu
Vilhonvuorenkuja,"1",Katu
Viljatie,"1",Katu
Viljelijäntie,"1",Katu
Vilkastuksentie,"1",Katu
Vilkenintie,"1",Katu
Vilkmanintie,"1",Katu
Villanella,"1",Katu
Villinginsalmentie,"1",Katu
Vilppulantie,"1",Katu
Violankatu,"1",Katu
Vipusentie,"1",Katu
Virolahdentie,"1",Katu
Vironkatu,"1",Katu
Virtaintie,"1",Katu
Virvatulentie,"1",Katu
Visbynkatu,"1",Katu
Viskaalintie,"1",Katu
Vitsaskuja,"1",Katu
Vitsastie,"1",Katu
Viulutie,"1",Katu
Voikukantie,"1",Katu
Von Daehnin katu,"1",Katu
Voudintie,"1",Katu
Vouti Björnramin kuja,"1",Katu
Vuohikuja,"1",Katu
Vuolukiventie,"1",Katu
Vuorenjuuri,"1",Katu
Vuorenpeikontie,"1",Katu
Vuorensyrjä,"1",Katu
Vuorikatu,"1",Katu
Vuorikummuntie,"1",Katu
Vuorilahdentie,"1",Katu
Vuorilinnakkeentie,"1",Katu
Vuorimiehenkatu,"1",Katu
Vuosaaren satamatie,"1",Katu
Vuosaarentie,"1",Katu
Vuotie,"1",Katu
Vyökatu,"1",Katu
Vähäkaski,"1",Katu
Vähäniitynkuja,"1",Katu
Vähäniityntie,"1",Katu
Vähäntuvantie,"1",Katu
Väinämöisenkatu,"1",Katu
Väinö Auerin katu,"1",Katu
Väinölänkatu,"1",Katu
Väinölänkuja,"1",Katu
Välimetsänkuja,"1",Katu
Välimetsäntie,"1",Katu
Välitalontie,"1",Katu
Välskärinkatu,"1",Katu
Vänrikki Stoolin katu,"1",Katu
Värikuja,"1",Katu
Värjärintie,"1",Katu
Värälänkuja,"1",Katu
Västäräkintie,"1",Katu
Väylänrinne,"1",Katu
Vääksynkuja,"1",Katu
Vääksyntie,"1",Katu
Väärämäentie,"1",Katu
Walentin Chorellin tie,"1",Katu
Wallininkatu,"1",Katu
Wallininkuja,"1",Katu
Wavulinintie,"1",Katu
Wecksellintie,"1",Katu
Willebrandinkuja,"1",Katu
Willebrandintie,"1",Katu
Wäinö Aaltosen tie,"1",Katu
Wäinönkuja,"1",Katu
Yhdistystie,"1",Katu
Yhdyskunnantie,"1",Katu
Yhteistuvankuja,"1",Katu
Ylerminkuja,"1",Katu
Ylermintie,"1",Katu
Yliopistonkatu,"1",Katu
Ylipalontie,"1",Katu
Yliskylänkaari,"1",Katu
Yliskyläntie,"1",Katu
Yllästunturintie,"1",Katu
Ylä-Fallin kuja,"1",Katu
Ylä-Fallin tie,"1",Katu
Yläkaskenkuja,"1",Katu
Yläkaskentie,"1",Katu
Yläkivenrinne,"1",Katu
Yläkiventie,"1",Katu
Ylänkötie,"1",Katu
Ylätuvantie,"1",Katu
Yrityspiha,"1",Katu
Yrjö-Koskisen katu,"1",Katu
Yrjönkatu,"1",Katu
Yrttimaankuja,"1",Katu
Yrttimaantie,"1",Katu
Äestäjänkuja,"1",Katu
Äestäjäntie,"1",Katu
Ähtärintie,"1",Katu
Äijänpolku,"1",Katu
Ässänrinne,"1",Katu
Örskinkuja,"1",Katu
Örskintie,"1",Katu
Uudenkaupungintie,"1",Katu
Uudenmaankatu,"1",Katu
Uudenpellonpolku,"1",Katu
Uudentuvantie,"1",Katu
Uudisraivaajankuja,"1",Katu
Uudisraivaajantie,"1",Katu
Uunilinnunkuja,"1",Katu
Uunisepäntie,"1",Katu
Uurtajantie,"1",Katu
Uusi Porvoontie,"1",Katu
Uussillanrinne,"1",Katu
Uussillantie,"1",Katu
Uutelantie,"1",Katu
Uutiskatu,"1",Katu
Vaajapolku,"1",Katu
Vaakakuja,"1",Katu
Vaakalinnuntie,"1",Katu
Vaakamestarinkuja,"1",Katu
Vaakamestarintie,"1",Katu
Vaakatie,"1",Katu
Vaasankatu,"1",Katu
Vahakuja,"1",Katu
Vahtitie,"1",Katu
Vainiokuja,"1",Katu
Vainiotie,"1",Katu
Vakkatie,"1",Katu
Valakkakuja,"1",Katu
Valakkatie,"1",Katu
Valapolku,"1",Katu
Valhallankatu,"1",Katu
Valimotie,"1",Katu
Valjastie,"1",Katu
Valkamatie,"1",Katu
Valkealantie,"1",Katu
Valkopaadentie,"1",Katu
Valkovuokonpolku,"1",Katu
Vallesmanninkuja,"1",Katu
Vallesmannintie,"1",Katu
Vallilantie,"1",Katu
Vallinkoskentie,"1",Katu
Vallirinne,"1",Katu
Valokaari,"1",Katu
Valpurintie,"1",Katu
Valtimontie,"1",Katu
Valuraudankuja,"1",Katu
Valuraudantie,"1",Katu
Vanajantie,"1",Katu
Vanamotie,"1",Katu
Vanha Hämeenkyläntie,"1",Katu
Vanha Koivuniemenkuja,"1",Katu
Vanha Koivuniementie,"1",Katu
Vanha Nurmijärventie,"1",Katu
Vanha Porvoontie,"1",Katu
Vanha Puistolantie,"1",Katu
Vanha Puroniitynpolku,"1",Katu
Vanha Puroniityntie,"1",Katu
Vanha Rajatie,"1",Katu
Vanha Suutarinkyläntie,"1",Katu
Vanha Tapanilantie,"1",Katu
Vanha Turun maantie,"1",Katu
Vanha Yrttimaantie,"1",Katu
Vanha kelkkamäki,"1",Katu
Vanha sotilastie,"1",Katu
Vanha talvitie,"1",Katu
Vanha viertotie,"1",Katu
Vanhaistentie,"1",Katu
Vanhankaupungintie,"1",Katu
Vanhanlinnantie,"1",Katu
Vanhanväylänkuja,"1",Katu
Vanhaväylä,"1",Katu
Vanhempientie,"1",Katu
Vankkurikuja,"1",Katu
Vannastie,"1",Katu
Vannekuja,"1",Katu
Vannetie,"1",Katu
Vanttitie,"1",Katu
Vapaaherrankuja,"1",Katu
Vapaamuurarinkuja,"1",Katu
Varhelantie,"1",Katu
Varikkotie,"1",Katu
Varjakankuja,"1",Katu
Varjakanvalkama,"1",Katu
Varpustie,"1",Katu
Vartioharjuntie,"1",Katu
Vartiokyläntie,"1",Katu
Varustuksentie,"1",Katu
Vasarakuja,"1",Katu
Vasaratie,"1",Katu
Vaskihuhdankuja,"1",Katu
Vaskihuhdantie,"1",Katu
Vaskiniementie,"1",Katu
Vaskiniitynkuja,"1",Katu
Vaskipellonkuja,"1",Katu
Vaskipellontie,"1",Katu
Vaskisalmenkuja,"1",Katu
Vaskisepänkuja,"1",Katu
Vaskisepäntie,"1",Katu
Vatakuja,"1",Katu
Vattuniemen puistotie,"1",Katu
Vattuniemenkatu,"1",Katu
Vattuniemenkuja,"1",Katu
Vattuniemenranta,"1",Katu
Vedenottamontie,"1",Katu
Vegankatu,"1",Katu
Vehkakuja,"1",Katu
Vehkalahdenkuja,"1",Katu
Vehkalahdentie,"1",Katu
Vehmaistentie,"1",Katu
Vekarapolku,"1",Katu
Veljestenkuja,"1",Katu
Veljestenpiha,"1",Katu
Veljestentie,"1",Katu
Vellamonkatu,"1",Katu
Vellikellontie,"1",Katu
Malmaksentie,"1",Katu
Kaisanmäenkuja,"1",Katu
Kisällinkuja,"1",Katu
Kuilukaari,"1",Katu
Kuilukuja,"1",Katu
Atlantinkatu,"1",Katu
Karibiankatu,"1",Katu
Valkkusuonkuja,"1",Katu
Kuninkaantammenkierto,"1",Katu
Taidemaalarinkatu,"1",Katu
Okrakuja,"1",Katu
Temperankatu,"1",Katu
Ultramariinikuja,"1",Katu
Turkoosikuja,"1",Katu
Kuninkaantammenrinne,"1",Katu
Paletinkierto,"1",Katu
Oranssikuja,"1",Katu
Sinooperikuja,"1",Katu
Pilvenpyörteentie,"1",Katu
Honkasuontie,"1",Katu
Hopeatäpläntie,"1",Katu
Nopsasiiventie,"1",Katu
Virnaperhosentie,"1",Katu
Perhosenkierto,"1",Katu
Ritariperhosentie,"1",Katu
Keltaperhosenpolku,"1",Katu
Keltaperhosenkaari,"1",Katu
Neitoperhosentie,"1",Katu
Haapaperhosentie,"1",Katu
Haapaperhosenpolku,"1",Katu
Leirikuja,"1",Katu
Koksikatu,"1",Katu
Asetelmankatu,"1",Katu
Asetelmankuja,"1",Katu
Muotokuvankatu,"1",Katu
Mirandankatu,"1",Katu
Mirandankuja,"1",Katu
Saaristolaivastonkuja,"1",Katu
Ellidankuja,"1",Katu
Astridinkatu,"1",Katu
Rosalankuja,"1",Katu
Föglönkuja,"1",Katu
Jurmonkuja,"1",Katu
Bensa-asemankuja,"1",Katu
Yhteiskouluntie,"1",Katu
Gotlanninkatu,"1",Katu
Plotinrinne,"1",Katu
Pirkkolan metsätie,"1",Katu
Hetanpasaasi,"1",Katu
Stansvikin rantakatu,"1",Katu
Varisluodonkatu,"1",Katu
Kapteeni Sundmanin katu,"1",Katu
Flöitti Dianan kuja,"1",Katu
Priki Venuksen kuja,"1",Katu
Kaljaasi Auroran kuja,"1",Katu
Fregatti Dygdenin kuja,"1",Katu
Kaljaasi Fortunan katu,"1",Katu
Priki Johannan kuja,"1",Katu
Vinsentinkatu,"1",Katu
Aallonhalkoja,"1",Katu
Loviseholminkuja,"1",Katu
Viskaalinpolku,"1",Katu
Jamaikankatu,"1",Katu
Kuubankatu,"1",Katu
Panamankuja,"1",Katu
Panamankatu,"1",Katu
Barbadoksenkatu,"1",Katu
Barbadoksenkuja,"1",Katu
Bahamankatu,"1",Katu
Bermudankatu,"1",Katu
Kanariankatu,"1",Katu
Haitinkuja,"1",Katu
Sinkilätie,"1",Katu
Veturitallinkuja,"1",Katu
Firdonkatu,"1",Katu
Yliskylän puistokatu,"1",Katu
Pertunkuja,"1",Katu
Pertunsuora,"1",Katu
Peltokylänkuja,"1",Katu
Örnvikinkuja,"1",Katu
Malmin sairaalan katu,"1",Katu
Unioninakseli,"1",Katu
Malmin sairaalan kuja,"1",Katu
Capellanranta,"1",Katu
Ruususenrinne,"1",Katu
Werner Wirénin tie,"1",Katu
Mellunmäenraitio,"1",Katu
Laivapojankuja,"1",Katu
Nupitie,"1",Katu
Azorienkuja,"1",Katu
Kanariankuja,"1",Katu
Laivakoirankatu,"1",Katu
Mustinkuja,"1",Katu
Pitkäkoskentie,"1",Katu
Vedenkierto,"1",Katu
Pitkäkoskenkuja,"1",Katu
Vesimittarinkuja,"1",Katu
Vesimittarinkatu,"1",Katu
Pilkkikatu,"1",Katu
Verkkoneula,"1",Katu
Maisemamaalauksenkatu,"1",Katu
Bunkkerinkuja,"1",Katu
Radioportti,"1",Katu
Höyrykatu,"1",Katu
Laskumäki,"1",Katu
Tenderinlenkki,"1",Katu
Tulistimenkatu,"1",Katu
Tulistimenkuja,"1",Katu
Jokipoikasenkaari,"1",Katu
Jokipoikasentie,"1",Katu
Smoltinkaari,"1",Katu
Smoltinkuja,"1",Katu
Ramppi,"1",Katu
Mieritzinranta,"1",Katu
Helge Nymanin kuja,"1",Katu
Kirjekatu,"1",Katu
Leimasinkatu,"1",Katu
Salamanterinkuja,"1",Katu
Kippikuja,"1",Katu
Pitkäluodonkatu,"1",Katu
Mustekuja,"1",Katu
Rullakkokuja,"1",Katu
Nihdinlaituri,"1",Katu
Kuormakatu,"1",Katu
Kollikatu,"1",Katu
Lavakatu,"1",Katu
Pakettikatu,"1",Katu
Rullakkokatu,"1",Katu
Kultakruununkaari,"1",Katu
Helvi Leiviskän kuja,"1",Katu
Merihaankatu,"1",Katu
Signe Branderin terassi,"1",Katu
Miina Sillanpään katu,"1",Katu
Tihtaalinkatu,"1",Katu
Kivalterinkuja,"1",Katu
Kotieläimentie,"1",Katu
Kuormakuja,"1",Katu
Eskolankaari,"1",Katu
Merikapteeninkuja,"1",Katu
Näkinkulku,"1",Katu
Signe Branderin kuja,"1",Katu
Filatelistinkuja,"1",Katu
Filatelistinkatu,"1",Katu
Sähkekatu,"1",Katu
Ilmasillantie,"1",Katu
Kaivoshuvilankuja,"1",Katu
Konttisatamankatu,"1",Katu
Konttinosturinkuja,"1",Katu
Koukkupojankuja,"1",Katu
Kraanakuskinkuja,"1",Katu
Manttelimiehenkuja,"1",Katu
Nihdinranta,"1",Katu
Pinkkarinkuja,"1",Katu
Mosaiikkikuja,"1",Katu
Larin Kyöstin polku,"1",Katu
Vallilanraitio,"1",Katu
Orkotie,"1",Katu
Viherniemenkatu,"1",Katu
Hakaniemenkuja,"1",Katu
Kirstinkatu,"1",Katu
Arkadiankatu,"1",Katu
Törmätie,"1",Katu
Turjantie,"1",Katu
Postiljooninkatu,"1",Katu
Puroniitynmäki,"1",Katu
Susiraja,"1",Katu
Degermosantie,"1",Katu
Ollinraitio,"1",Katu
K. A. Fagerholmin kuja,"1",Katu
Punaisen Ristin kuja,"1",Katu
Laivastokulku,"1",Katu
Kaarelankulku,"1",Katu
Pasilan Tornikuja,"1",Katu
Muotoilijankuja,"1",Katu
Gustafsberginkatu,"1",Katu
Lepistönkatu,"1",Katu
Oskarsberginkatu,"1",Katu
Suistolankatu,"1",Katu
Vanha Viipurin maantie,"1",Katu
Niinisaarenpolku,"1",Katu
Kaupunkiradankuja,"1",Katu
Malmin lentoaseman katu,"1",Katu
Pulkovonkuja,"1",Katu
Spilvenkuja,"1",Katu
Tempelhofinkatu,"1",Katu
Brommankatu,"1",Katu
Kastrupinkatu,"1",Katu
Vesipääskynkuja,"1",Katu
Kevätpuunkuja,"1",Katu
Särkipolku,"1",Katu
Hakaniemenkatu,"1",Katu
Kalmistonkaari,"1",Katu
Kalmiston puistotie,"1",Katu
Kivinokantie,"1",Katu
Kulosaaren kartanon tie,"1",Katu
Isonkyröntie,"1",Katu
Kumpulankatu,"1",Katu
Petsamontie,"1",Katu
Ampeerikatu,"1",Katu
Kuvernöörinkuja,"1",Katu
Huopakatonkuja,"1",Katu
Katontekijänkatu,"1",Katu
Ormuspellonraitio,"1",Katu
Levankikuja,"1",Katu
Laila Kinnusen katu,"1",Katu
Olavi Virran katu,"1",Katu
Albumikatu,"1",Katu
Annikki Tähden katu,"1",Katu
Erik Lindströmin katu,"1",Katu
Iskelmäkatu,"1",Katu
Kerttu Mustosen katu,"1",Katu
Kultalevynkatu,"1",Katu
Tempokuja,"1",Katu
Toivelevynkatu,"1",Katu
Viilarinkuja,"1",Katu
Varikkokuja,"1",Katu
Kytkintangonkuja,"1",Katu
Harustie,"1",Katu
